Workbook

Sheet 02.07
A1: Rótulos de Linha | B1: Comprador Cotação | C1: Requisicao | D1: Item RC | E1: Pedido | F1: Descrição Material | G1: Dt Criação RC | H1: Status Geral | I1: Qtde RC | J1: Chegou? | K1: Foi Retirado? | L1: Cobrado via Email? | M1: Obs: | N1: Chave
N2: =C2&D2
N3: =C3&D3
N4: =C4&D4
N5: =C5&D5
N6: =C6&D6
N7: =C7&D7
N8: =C8&D8
N9: =C9&D9
N10: =C10&D10
N11: =C11&D11
N12: =C12&D12
N13: =C13&D13
... N171: =C171&D171

Sheet 08.06
A1: Rótulos de Linha | B1: Comprador Cotação | C1: Requisicao | D1: Item RC | E1: Pedido | F1: Descrição Material | G1: Dt Criação RC | H1: Status Geral | I1: Qtde RC | J1: Chegou? | K1: Foi Retirado? | L1: Cobrado via Email? | M1: Obs: | N1: Chave
A2: André Queiroz | B2: André Queiroz | C2: 16430051 | D2: 20 | E2: 4500751385 | F2: ADESIVO RESINA EPOXI 16G | G2: 46073 | H2: Escrituração Realizada | I2: 10 | N2: =C2&D2 -> 1643005120
A3: Beatriz Serafim | B3: Beatriz Serafim | C3: 16421260 | D3: 20 | E3: 4500716344 | F3: ADESIVO RESINA EPOXI 16G | G3: 46024 | H3: Escrituração Realizada | I3: 10 | J3: SIm | K3: SIm | N3: =C3&D3 -> 1642126020
A4: Edney Jean | B4: (vazio) | C4: 16411558 | D4: 10 | E4: 4500645222 | F4: ALICATE AMPERIMETRO DIGITAL 20/200/1000A | G4: 45961 | H4: Escrituração Realizada | I4: 7 | J4: SIm | K4: SIm | N4: =C4&D4 -> 1641155810
A5: Luciara Oliveira | B5: Luciara Oliveira | C5: 16362199 | D5: 2130 | E5: 4500437805 | F5: ANEL BORR ABF FLANGE FOFO DN100MM | G5: 45659 | H5: Escrituração Realizada | I5: 2 | J5: SIm | K5: SIm | N5: =C5&D5 -> 163621992130
A6: Luciara Oliveira | B6: Luciara Oliveira | C6: 16362199 | D6: 500 | E6: 4500437805 | F6: ANEL BORR ABF FLANGE FOFO DN100MM | G6: 45659 | H6: Escrituração Realizada | I6: 2 | J6: SIm | K6: SIm | N6: =C6&D6 -> 16362199500
A7: Luciara Oliveira | B7: Luciara Oliveira | C7: 16404745 | D7: 100 | E7: 4500619102 | F7: BARRA ROSCADA AC 1020 1/2POL UNC 1M | G7: 45922 | H7: Escrituração Realizada | I7: 10 | N7: =C7&D7 -> 16404745100
A8: Victor L. Lopes | B8: Victor L. Lopes | C8: 16378221 | D8: 10 | E8: 4500509387 | F8: BASTAO RESGATE FIBRA VID 34,5KV 2,28M | G8: 45754 | H8: PC - em Aprovação | I8: 4 | N8: =C8&D8 -> 1637822110
A9: Amanda Oliva | B9: (vazio) | C9: 16411558 | D9: 20 | E9: 4500645232 | F9: BATERIA ALCAL RECARREGAVEL 9V 250MAH | G9: 45961 | H9: Escrituração Realizada | I9: 20 | J9: SIm | K9: SIm | N9: =C9&D9 -> 1641155820
A10: (vazio) | B10: Fernando Gonçalo | C10: 16432776 | D10: 40 | E10: (vazio) | F10: BOMBA MANUAL GRAX 12G 7KG | G10: 46090 | H10: Cotação - em Negociação | I10: 10 | N10: =C10&D10 -> 1643277640
A11: (vazio) | B11: (vazio) | C11: 16394075 | D11: 10 | E11: (vazio) | F11: BOMBA MANUAL GRAX 12G 7KG | G11: 45855 | H11: Requisição - Item Concluído | I11: 10 | J11: Não | K11: Não | M11: CANCELADO | N11: =C11&D11 -> 1639407510
A12: (vazio) | B12: (vazio) | C12: 16447769 | D12: 10 | E12: (vazio) | F12: BUCHA REDUCAO GALV 2.1/2X2 | G12: 46168 | H12: Cotação a agregar | I12: 10 | N12: =C12&D12 -> 1644776910
A13: (vazio) | B13: (vazio) | C13: 16437339 | D13: 20 | E13: (vazio) | F13: CABO COB PP 1KV 4X16MM2 PT | G13: 46113 | H13: Cotação a agregar | I13: 100 | N13: =C13&D13 -> 1643733920
A14: (vazio) | B14: (vazio) | C14: 16437339 | D14: 30 | E14: (vazio) | F14: CABO COB PP 1KV 4X4MM2 PT | G14: 46113 | H14: Cotação a agregar | I14: 100 | N14: =C14&D14 -> 1643733930
A15: (vazio) | B15: (vazio) | C15: 16437339 | D15: 40 | E15: (vazio) | F15: CABO COB PP 750V4X10MM2 PT | G15: 46113 | H15: Cotação a agregar | I15: 200 | N15: =C15&D15 -> 1643733940
A16: Edney Jean | B16: (vazio) | C16: 16404745 | D16: 160 | E16: 4500612934 | F16: CABO ELET FLEX 750V 1MM2 CZ | G16: 45922 | H16: Escrituração Realizada | I16: 600 | J16: SIm | K16: SIm | N16: =C16&D16 -> 16404745160
A17: Edney Jean | B17: (vazio) | C17: 16404745 | D17: 150 | E17: 4500612934 | F17: CABO ELET FLEX 750V 1MM2 PT | G17: 45922 | H17: Escrituração Realizada | I17: 600 | J17: SIm | K17: SIm | N17: =C17&D17 -> 16404745150
A18: (vazio) | B18: Robson Ferreira | C18: 16437339 | D18: 10 | E18: (vazio) | F18: CABO ELET PP 450 / 750 V 4 X 6MM2 | G18: 46113 | H18: Cotação - em Negociação | I18: 100 | M18: Feito a validação 1.6 | N18: =C18&D18 -> 1643733910
A19: Edson Sanchez | B19: Edson Sanchez | C19: 16426739 | D19: 300 | E19: 4500783774 | F19: CABO ELET PP 450 / 750 V 4 X 6MM2 | G19: 46056 | H19: Aguardando emissão NF | I19: 100 | J19: SIM | N19: =C19&D19 -> 16426739300
A20: Edson Sanchez | B20: Edson Sanchez | C20: 16426739 | D20: 280 | E20: 4500783774 | F20: CABO ELET PP 450/750V4 X 25MM2 PT | G20: 46056 | H20: Aguardando emissão NF | I20: 100 | J20: SIM | N20: =C20&D20 -> 16426739280
A21: Victor L. Lopes | B21: Victor L. Lopes | C21: 16440116 | D21: 640 | E21: 4500842888 | F21: CALCA MANUT OPER BRIM CED RIP ST AZM GG | G21: 46129 | H21: PC - em Aprovação | I21: 18 | N21: =C21&D21 -> 16440116640
A22: Victor L. Lopes | B22: Victor L. Lopes | C22: 16440116 | D22: 650 | E22: 4500842888 | F22: CALCA MANUT OPER BRIM CED RIP ST AZM XG | G22: 46129 | H22: PC - em Aprovação | I22: 15 | N22: =C22&D22 -> 16440116650
A23: Victor L. Lopes | B23: Victor L. Lopes | C23: 16440116 | D23: 660 | E23: 4500842888 | F23: CALCA MANUT OPER BRIM CED RIP STOP AZM G | G23: 46129 | H23: PC - em Aprovação | I23: 18 | N23: =C23&D23 -> 16440116660
A24: Victor L. Lopes | B24: Victor L. Lopes | C24: 16440116 | D24: 670 | E24: 4500842888 | F24: CALCA MANUT OPER BRIM CED RIP STOP AZM M | G24: 46129 | H24: PC - em Aprovação | I24: 11 | N24: =C24&D24 -> 16440116670
A25: Victor L. Lopes | B25: Victor L. Lopes | C25: 16440116 | D25: 680 | E25: 4500842888 | F25: CALCA MANUT OPER BRIM CED RIP STOP AZM P | G25: 46129 | H25: PC - em Aprovação | I25: 9 | N25: =C25&D25 -> 16440116680
A26: Victor L. Lopes | B26: Victor L. Lopes | C26: 16440116 | D26: 690 | E26: 4500842888 | F26: CALCA MANUT OPER BRIM CEDR RIP AZM XXXG | G26: 46129 | H26: PC - em Aprovação | I26: 11 | N26: =C26&D26 -> 16440116690
A27: (vazio) | B27: Victor L. Lopes | C27: 16440116 | D27: 700 | E27: (vazio) | F27: CAMISA UNIF TERM/OP UNIS PES AZ ML GG | G27: 46129 | H27: Cotação - em Negociação | I27: 18 | N27: =C27&D27 -> 16440116700
A28: (vazio) | B28: Victor L. Lopes | C28: 16440116 | D28: 710 | E28: (vazio) | F28: CAMISA UNIF TERM/OP UNIS PES AZ ML TAM G | G28: 46129 | H28: Cotação - em Negociação | I28: 18 | N28: =C28&D28 -> 16440116710
A29: (vazio) | B29: Victor L. Lopes | C29: 16440116 | D29: 720 | E29: (vazio) | F29: CAMISA UNIF TERM/OP UNIS PES AZ ML TAM M | G29: 46129 | H29: Cotação - em Negociação | I29: 11 | N29: =C29&D29 -> 16440116720
A30: (vazio) | B30: Victor L. Lopes | C30: 16440116 | D30: 730 | E30: (vazio) | F30: CAMISA UNIF TERM/OP UNIS PES AZ ML TAM P | G30: 46129 | H30: Cotação - em Negociação | I30: 9 | N30: =C30&D30 -> 16440116730
A31: (vazio) | B31: Victor L. Lopes | C31: 16440116 | D31: 740 | E31: (vazio) | F31: CAMISA UNIF TERM/OP UNIS PES AZ ML XG | G31: 46129 | H31: Cotação - em Negociação | I31: 15 | N31: =C31&D31 -> 16440116740
A32: (vazio) | B32: (vazio) | C32: 16440116 | D32: 750 | E32: (vazio) | F32: CAMISA UNIF TERM/OP UNIS PES AZ ML XXXG | G32: 46129 | H32: Cotação a agregar | I32: 11 | N32: =C32&D32 -> 16440116750
A33: Jocilene Ramos | B33: Jocilene Ramos | C33: 16432794 | D33: 30 | E33: 4500779173 | F33: CARREGADOR PILHA/BAT 2BAT 12V 110/220V | G33: 46090 | H33: Escrituração Realizada | I33: 2 | J33: Sim | K33: Sim | L33: Sim | N33: =C33&D33 -> 1643279430
A34: Luciara Oliveira | B34: Luciara Oliveira | C34: 16426739 | D34: 310 | E34: 4500748195 | F34: CHAVE COMBINADA 15º-10º 34MM | G34: 46056 | H34: Escrituração Realizada | I34: 3 | J34: Sim | K34: não | N34: =C34&D34 -> 16426739310
A35: Sandra Cardoso | B35: Sandra Cardoso | C35: 16401510 | D35: 10 | E35: 4500595429 | F35: CHAVE COMBINADA 15º-10º 36MM | G35: 45902 | H35: Aguardando emissão NF | I35: 3 | J35: SIm | K35: Não | N35: =C35&D35 -> 1640151010
A36: Edney Jean | B36: (vazio) | C36: 16442320 | D36: 20 | E36: 4500814842 | F36: CHAVE COMBINADA JG 15PC 6-32MM | G36: 46141 | H36: Aguardando emissão NF | I36: 10 | J36: #N/A | K36: #N/A | L36: #N/A | M36: #N/A | N36: =C36&D36 -> 1644232020
A37: Edney Jean | B37: (vazio) | C37: 16432794 | D37: 10 | E37: 4500775130 | F37: CINTA CARGA OLHAL 7:1 3T 4M AM | G37: 46090 | H37: Aguardando emissão NF | I37: 10 | N37: =C37&D37 -> 1643279410
A38: Beatriz Serafim | B38: Beatriz Serafim | C38: 16442320 | D38: 10 | E38: 4500827969 | F38: COLA MULTIUSO SPRAY 330G | G38: 46141 | H38: Aguardando emissão NF | I38: 16 | J38: #N/A | K38: #N/A | L38: #N/A | M38: #N/A | N38: =C38&D38 -> 1644232010
A39: Edney Jean | B39: (vazio) | C39: 16425056 | D39: 90 | E39: 4500721455 | F39: CONECTOR DERIV PERF 16-150MM2 | G39: 46045 | H39: Aguardando emissão NF | I39: 40 | J39: Aguardando | N39: =C39&D39 -> 1642505690
A40: (vazio) | B40: (vazio) | C40: 16425056 | D40: 80 | E40: (vazio) | F40: CONECTOR DERIV PERF 50-240MM2 | G40: 46045 | H40: Requisição - Item Concluído | I40: 40 | N40: =C40&D40 -> 1642505680
A41: Luciana Venturi | B41: Luciana Venturi | C41: 16438858 | D41: 10 | E41: 4500835856 | F41: CONECTOR DERIV PERF 50-240MM2 | G41: 46122 | H41: Aguardando emissão NF | I41: 40 | N41: =C41&D41 -> 1643885810
A42: (vazio) | B42: (vazio) | C42: 16447897 | D42: 10 | E42: (vazio) | F42: DESENGRAXANTE LIQ 5L | G42: 46169 | H42: Cotação a agregar | I42: 25 | J42: #N/A | K42: #N/A | L42: #N/A | M42: #N/A | N42: =C42&D42 -> 1644789710
A43: (vazio) | B43: (vazio) | C43: 16401510 | D43: 20 | E43: (vazio) | F43: DESENGRIPANTE LIQ AM SPR 300ML | G43: 45902 | H43: Requisição - Item Concluído | I43: 30 | J43: Não | K43: Não | M43: CANCELADO | N43: =C43&D43 -> 1640151020
A44: Edney Jean | B44: (vazio) | C44: 16426739 | D44: 290 | E44: 4500737679 | F44: DISCO CORTE S/REV 115MM 22,22MM 1MM META | G44: 46056 | H44: Aguardando emissão NF | I44: 50 | N44: =C44&D44 -> 16426739290
A45: Edney Jean | B45: (vazio) | C45: 16429989 | D45: 130 | E45: 4500760489 | F45: DISJUNTOR MINI 3P 220/380VCA 80A | G45: 46073 | H45: Escrituração Realizada | I45: 10 | J45: Sim | K45: Sim | N45: =C45&D45 -> 16429989130
A46: (vazio) | B46: Robson Ferreira | C46: 16429989 | D46: 60 | E46: (vazio) | F46: DISJUNTOR MINI 3P 220VCA 100A | G46: 46073 | H46: Cotação - em Negociação | I46: 5 | N46: =C46&D46 -> 1642998960
A47: (vazio) | B47: Robson Ferreira | C47: 16429989 | D47: 50 | E47: (vazio) | F47: DISJUNTOR MINI 3P 380V 63A 54MM | G47: 46073 | H47: Cotação - em Negociação | I47: 20 | N47: =C47&D47 -> 1642998950
A48: Edney Jean | B48: (vazio) | C48: 16429989 | D48: 150 | E48: 4500760494 | F48: DISJUNTOR MINI 3P 400VCA 25A | G48: 46073 | H48: Escrituração Realizada | I48: 10 | J48: Sim | N48: =C48&D48 -> 16429989150
A49: Edney Jean | B49: (vazio) | C49: 16429989 | D49: 10 | E49: 4500760506 | F49: DISJUNTOR MINI 3P 400VCA 32A | G49: 46073 | H49: Aguardando emissão NF | I49: 10 | N49: =C49&D49 -> 1642998910
A50: Edson Sanchez | B50: Edson Sanchez | C50: 16429989 | D50: 30 | E50: 4500816459 | F50: DISJUNTOR MINI 3P 400VCA 40A | G50: 46073 | H50: PC - em Aprovação | I50: 10 | N50: =C50&D50 -> 1642998930
A51: (vazio) | B51: Robson Ferreira | C51: 16429989 | D51: 20 | E51: (vazio) | F51: DISJUNTOR MINI 3P 400VCA 50A | G51: 46073 | H51: Cotação - em Negociação | I51: 10 | N51: =C51&D51 -> 1642998920
A52: Edney Jean | B52: (vazio) | C52: 16429989 | D52: 40 | E52: 4500760680 | F52: DISJUNTOR MINI 3P 400VCA 70A | G52: 46073 | H52: Escrituração Realizada | I52: 15 | J52: Sim | K52: Sim | N52: =C52&D52 -> 1642998940
A53: Edney Jean | B53: (vazio) | C53: 16429989 | D53: 140 | E53: 4500760680 | F53: DISJUNTOR TM 3P 400VCA 20A | G53: 46073 | H53: Escrituração Realizada | I53: 10 | J53: Sim | N53: =C53&D53 -> 16429989140
A54: Marcilene Carvalho | B54: Marcilene Carvalho | C54: 16404745 | D54: 60 | E54: 4500620545 | F54: ELEMENTO ELASTICO E-128 VULKAN | G54: 45922 | H54: Aguardando emissão NF | I54: 4 | J54: SIm | K54: SIm | N54: =C54&D54 -> 1640474560
A55: Marcilene Carvalho | B55: Marcilene Carvalho | C55: 16404745 | D55: 80 | E55: 4500620545 | F55: ELEMENTO ELASTICO E-148 VULKAN | G55: 45922 | H55: Aguardando emissão NF | I55: 2 | J55: SIm | K55: SIm | N55: =C55&D55 -> 1640474580
A56: Marcilene Carvalho | B56: Marcilene Carvalho | C56: 16404745 | D56: 70 | E56: 4500620545 | F56: ELEMENTO ELASTICO GE112 VULKAN | G56: 45922 | H56: Aguardando emissão NF | I56: 2 | J56: SIm | K56: SIm | N56: =C56&D56 -> 1640474570
A57: Sandra Cardoso | B57: Sandra Cardoso | C57: 16404745 | D57: 90 | E57: 4500682923 | F57: ELETRODO NIVEL HASTE 3/4POL BSP DIGIMEC | G57: 45922 | H57: Aguardando emissão NF | I57: 20 | M57: Valor excessivo | N57: =C57&D57 -> 1640474590
A58: Edney Jean | B58: (vazio) | C58: 16401860 | D58: 30 | E58: 4500594849 | F58: ELETRODO PENDULO PO POLIPROPILENO H | G58: 45904 | H58: Escrituração Realizada | I58: 30 | J58: SIm | K58: SIm | N58: =C58&D58 -> 1640186030
A59: Sandra Cardoso | B59: Sandra Cardoso | C59: 16394071 | D59: 10 | E59: 4500564848 | F59: ESCADA EXTENSIVEL 6 M | G59: 45855 | H59: Escrituração Realizada | I59: 2 | J59: SIm | K59: SIm | N59: =C59&D59 -> 1639407110
A60: (vazio) | B60: Diego Rocha | C60: 16438863 | D60: 70 | E60: (vazio) | F60: ESCADA EXTENSIVEL 6 M | G60: 46122 | H60: Cotação - em Negociação | I60: 2 | N60: =C60&D60 -> 1643886370
A61: (vazio) | B61: (vazio) | C61: 16429923 | D61: 50 | E61: (vazio) | F61: FERRAMENTA ALINHAM POLIA 2,1MW | G61: 46073 | H61: Requisição - Item Eliminado | I61: 1 | N61: =C61&D61 -> 1642992350
A62: Edney Jean | B62: (vazio) | C62: 16425056 | D62: 10 | E62: 4500721581 | F62: FITA ISOL PR 750V 19MM ROL 20M | G62: 46045 | H62: Escrituração Realizada | I62: 150 | J62: SIm | K62: SIm | N62: =C62&D62 -> 1642505610
A63: Edney Jean | B63: (vazio) | C63: 16425056 | D63: 20 | E63: 4500721581 | F63: FITA ISOLANTE AUTOFUSAO PT 10M 19MM | G63: 46045 | H63: Escrituração Realizada | I63: 100 | J63: SIm | K63: SIm | N63: =C63&D63 -> 1642505620
A64: Amanda Oliva | B64: Amanda Oliva | C64: 16405989 | D64: 20 | E64: 4500629184 | F64: FITA ROTULADOR 12MM 8M 1UN | G64: 45930 | H64: Escrituração Realizada | I64: 5 | J64: SIm | K64: SIm | N64: =C64&D64 -> 1640598920
A65: (vazio) | B65: Fernando Gonçalo | C65: 16429923 | D65: 30 | E65: (vazio) | F65: FURADEIRA ELET IMP 3250RPM | G65: 46073 | H65: Cotação - em Negociação | I65: 1 | N65: =C65&D65 -> 1642992330
A66: Edson Sanchez | B66: Edson Sanchez | C66: 16429989 | D66: 100 | E66: 4500816459 | F66: FUSIVEL NH LAMINA 500V 100A | G66: 46073 | H66: PC - em Aprovação | I66: 10 | N66: =C66&D66 -> 16429989100
A67: Edney Jean | B67: (vazio) | C67: 16429989 | D67: 90 | E67: 4500760680 | F67: FUSIVEL NH LAMINA 500V 80A | G67: 46073 | H67: Escrituração Realizada | I67: 10 | N67: =C67&D67 -> 1642998990
A68: Edney Jean | B68: (vazio) | C68: 16429989 | D68: 110 | E68: 4500760504 | F68: FUSIVEL NH00 LAMINA 500V 160A | G68: 46073 | H68: Aguardando emissão NF | I68: 10 | N68: =C68&D68 -> 16429989110
A69: Natasha Amancio | B69: (vazio) | C69: 16438836 | D69: 140 | E69: 4500828550 | F69: FUSIVEL NH01 ULTRA-RAPIDO 690V 200A AR | G69: 46122 | H69: Aguardando emissão NF | I69: 21 | N69: =C69&D69 -> 16438836140
A70: (vazio) | B70: (vazio) | C70: 16438836 | D70: 150 | E70: (vazio) | F70: FUSIVEL NH01 ULTRA-RAPIDO 690V 63A AR | G70: 46122 | H70: Cotação a agregar | I70: 21 | N70: =C70&D70 -> 16438836150
A71: (vazio) | B71: (vazio) | C71: 16438836 | D71: 160 | E71: (vazio) | F71: FUSIVEL NH02 ULTRA-RAPIDO 690V 250A AR | G71: 46122 | H71: Cotação a agregar | I71: 21 | N71: =C71&D71 -> 16438836160
A72: Edney Jean | B72: (vazio) | C72: 16438836 | D72: 20 | E72: 4500814666 | F72: FUSIVEL ULTRA-RAPIDO 100A 690V 00 | G72: 46122 | H72: Aguardando emissão NF | I72: 27 | N72: =C72&D72 -> 1643883620
A73: (vazio) | B73: (vazio) | C73: 16438836 | D73: 30 | E73: (vazio) | F73: FUSIVEL ULTRA-RAPIDO 125A 690V 00 | G73: 46122 | H73: Cotação a agregar | I73: 27 | N73: =C73&D73 -> 1643883630
A74: (vazio) | B74: (vazio) | C74: 16438836 | D74: 40 | E74: (vazio) | F74: FUSIVEL ULTRA-RAPIDO 160A 100KVA | G74: 46122 | H74: Cotação a agregar | I74: 21 | N74: =C74&D74 -> 1643883640
A75: Edney Jean | B75: (vazio) | C75: 16438836 | D75: 50 | E75: 4500814667 | F75: FUSIVEL ULTRA-RAPIDO 350A 690V | G75: 46122 | H75: Aguardando emissão NF | I75: 21 | N75: =C75&D75 -> 1643883650
A76: (vazio) | B76: (vazio) | C76: 16438836 | D76: 60 | E76: (vazio) | F76: FUSIVEL ULTRA-RAPIDO 35A 690V 000 | G76: 46122 | H76: Cotação a agregar | I76: 27 | N76: =C76&D76 -> 1643883660
... A85: (vazio) | B85: (vazio) | C85: 16436749 | D85: 10 | E85: (vazio) | F85: GARRAFA TERMICA 5L | G85: 46111 | H85: Requisição - Item Eliminado | I85: 1 | N85: =C85&D85 -> 1643674910
A86: (vazio) | B86: (vazio) | C86: 16401510 | D86: 50 | E86: (vazio) | F86: GAXETA CORD QUAD 1/2POL | G86: 45902 | H86: Requisição - Item Concluído | I86: 1 | J86: Não | K86: Não | M86: CANCELADO | N86: =C86&D86 -> 1640151050
A87: Luciana Venturi | B87: Luciana Venturi | C87: 16438858 | D87: 30 | E87: 4500835846 | F87: GAXETA CORD QUAD 1/2POL | G87: 46122 | H87: Aguardando emissão NF | I87: 5 | N87: =C87&D87 -> 1643885830
A88: (vazio) | B88: (vazio) | C88: 16401510 | D88: 60 | E88: (vazio) | F88: GAXETA CORDAO QUADR 5/8POL | G88: 45902 | H88: Requisição - Item Concluído | I88: 1 | J88: Não | K88: Não | M88: CANCELADO | N88: =C88&D88 -> 1640151060
A89: Luciana Venturi | B89: Luciana Venturi | C89: 16438858 | D89: 40 | E89: 4500835846 | F89: GAXETA CORDAO QUADR 5/8POL | G89: 46122 | H89: Aguardando emissão NF | I89: 5 | N89: =C89&D89 -> 1643885840
A90: Luciana Venturi | B90: Luciana Venturi | C90: 16438858 | D90: 20 | E90: 4500835852 | F90: GAXETA PTFE QUAD LUBRIF 9/16POL | G90: 46122 | H90: Aguardando emissão NF | I90: 5 | N90: =C90&D90 -> 1643885820
A91: Luciara Oliveira | B91: Luciara Oliveira | C91: 16428381 | D91: 30 | E91: 4500748185 | F91: GRAVADOR METAL ELETR 7100RPM 10W 127V | G91: 46063 | H91: Escrituração Realizada | I91: 2 | J91: SIm | K91: SIm | N91: =C91&D91 -> 1642838130
A92: (vazio) | B92: Robson Ferreira | C92: 16436772 | D92: 10 | E92: (vazio) | F92: INVERSOR FREQ TRI 75W 380/480V 140A | G92: 46111 | H92: Cotação - em Negociação | I92: 1 | N92: =C92&D92 -> 1643677210
A93: Edney Jean | B93: (vazio) | C93: 16425056 | D93: 100 | E93: 4500737223 | F93: JG CHAVE FENDA SIMP CRUZ ISOL 1000V 7UN | G93: 46045 | H93: Escrituração Realizada | I93: 15 | J93: SIm | K93: SIm | N93: =C93&D93 -> 16425056100
A94: Joaz Souza | B94: Joaz Souza | C94: 16429923 | D94: 40 | E94: 4500771313 | F94: KIT FERRAM BITS/SOQUETES 43PCS | G94: 46073 | H94: Aguardando emissão NF | I94: 2 | N94: =C94&D94 -> 1642992340
A95: Beatriz Serafim | B95: Beatriz Serafim | C95: 16432794 | D95: 60 | E95: 4500782412 | F95: LENCOL BORR PT 2MM | G95: 46090 | H95: Escrituração Realizada | I95: 2 | N95: =C95&D95 -> 1643279460
A96: Beatriz Serafim | B96: Beatriz Serafim | C96: 16432794 | D96: 70 | E96: 4500782408 | F96: LENCOL BORR PT 3MM | G96: 46090 | H96: Aguardando emissão NF | I96: 5 | N96: =C96&D96 -> 1643279470
A97: Beatriz Serafim | B97: Beatriz Serafim | C97: 16432794 | D97: 80 | E97: 4500782412 | F97: LENCOL BORR PT 4MM | G97: 46090 | H97: Escrituração Realizada | I97: 5 | N97: =C97&D97 -> 1643279480
A98: Edney Jean | B98: (vazio) | C98: 16432776 | D98: 20 | E98: 4500791420 | F98: LIMPA CONTATO LIQ TB SPR 300ML | G98: 46090 | H98: Escrituração Realizada | I98: 15 | J98: Sim | N98: =C98&D98 -> 1643277620
A99: Marcilene Carvalho | B99: Marcilene Carvalho | C99: 16404745 | D99: 50 | E99: 4500618537 | F99: LUVA ACOPLAMENTO 168MM | G99: 45922 | H99: Escrituração Realizada | I99: 4 | J99: SIm | K99: SIm | N99: =C99&D99 -> 1640474550
A100: Marcilene Carvalho | B100: Marcilene Carvalho | C100: 16404745 | D100: 40 | E100: 4500618537 | F100: LUVA ACOPLAMENTO 194MM | G100: 45922 | H100: Escrituração Realizada | I100: 4 | J100: SIm | K100: SIm | N100: =C100&D100 -> 1640474540
A101: Marcilene Carvalho | B101: Marcilene Carvalho | C101: 16404745 | D101: 30 | E101: 4500618537 | F101: LUVA ACOPLAMENTO 240MM | G101: 45922 | H101: Escrituração Realizada | I101: 2 | J101: SIm | K101: SIm | N101: =C101&D101 -> 1640474530
A102: Edney Jean | B102: (vazio) | C102: 16426739 | D102: 210 | E102: 4500738264 | F102: LUVA PROT TERMICA AGENTES MEC 10/GG | G102: 46056 | H102: Escrituração Realizada | I102: 20 | J102: Sim | K102: não | N102: =C102&D102 -> 16426739210
A103: Victor L. Lopes | B103: Victor L. Lopes | C103: 16426739 | D103: 200 | E103: 4500779259 | F103: LUVA PROT TERMICA AGENTES MEC 11/XG | G103: 46056 | H103: Aguardando emissão NF | I103: 20 | N103: =C103&D103 -> 16426739200
A104: Edney Jean | B104: (vazio) | C104: 16426739 | D104: 220 | E104: 4500738264 | F104: LUVA PROT TERMICA AGENTES MEC 9/G | G104: 46056 | H104: Escrituração Realizada | I104: 20 | J104: Sim | K104: não | N104: =C104&D104 -> 16426739220
A105: Victor L. Lopes | B105: Victor L. Lopes | C105: 16426739 | D105: 150 | E105: 4500779259 | F105: LUVA SEG PA PT TAM G | G105: 46056 | H105: Aguardando emissão NF | I105: 15 | L105: Sim | M105: Hoje, dia 27.4, o comprador cobrou o fornecedor, pedido já tem NF | N105: =C105&D105 -> 16426739150
A106: Victor L. Lopes | B106: Victor L. Lopes | C106: 16426739 | D106: 160 | E106: 4500779259 | F106: LUVA SEG PA PT TAM GG | G106: 46056 | H106: Aguardando emissão NF | I106: 15 | L106: Sim | M106: Hoje, dia 27.4, o comprador cobrou o fornecedor, pedido já tem NF | N106: =C106&D106 -> 16426739160
A107: Victor L. Lopes | B107: Victor L. Lopes | C107: 16426739 | D107: 170 | E107: 4500779259 | F107: LUVA SEG PA PT TAM M PT QUIM MEC | G107: 46056 | H107: Aguardando emissão NF | I107: 10 | L107: Sim | M107: Hoje, dia 27.4, o comprador cobrou o fornecedor, pedido já tem NF | N107: =C107&D107 -> 16426739170
A108: Victor L. Lopes | B108: Victor L. Lopes | C108: 16426739 | D108: 180 | E108: 4500779259 | F108: LUVA SEG PA PT TAM XG | G108: 46056 | H108: Aguardando emissão NF | I108: 15 | L108: Sim | M108: Hoje, dia 27.4, o comprador cobrou o fornecedor, pedido já tem NF | N108: =C108&D108 -> 16426739180
...

Sheet 27.04
A1: Rótulos de Linha | B1: Comprador Cotação | C1: Requisicao | D1: Item RC | E1: Pedido | F1: Descrição Material | G1: Dt Criação RC | H1: Status Geral | I1: Qtde RC | J1: Chegou? | K1: Foi Retirado? | L1: Cobrado via Email? | M1: Obs: | N1: Chave
A2: Edney Jean | B2: (vazio) | C2: {=_xlfn.XLOOKUP('27.04'!F51 & G2,Export!P:P & Export!H:H,Export!B:B)} -> #N/A | D2: {=_xlfn.XLOOKUP(F2 & G2,Export!P:P & Export!H:H,Export!C:C)} -> 10 | E2: 4500760506 | F2: DISJUNTOR MINI 3P 400VCA 32A | G2: 46073 | H2: Aguardando emissão NF | I2: 10 | N2: =C2&D2 -> #N/A
A3: (vazio) | B3: Edson Sanchez | C3: {=_xlfn.XLOOKUP('27.04'!F71 & G3,Export!P:P & Export!H:H,Export!B:B)} -> #N/A | D3: {=_xlfn.XLOOKUP(F3 & G3,Export!P:P & Export!H:H,Export!C:C)} -> 30 | E3: (vazio) | F3: DISJUNTOR MINI 3P 400VCA 40A | G3: 46073 | H3: Cotação - em Negociação | I3: 10 | N3: =C3&D3 -> #N/A
A4: (vazio) | B4: (vazio) | C4: {=_xlfn.XLOOKUP('27.04'!F81 & G4,Export!P:P & Export!H:H,Export!B:B)} -> #N/A | D4: {=_xlfn.XLOOKUP(F4 & G4,Export!P:P & Export!H:H,Export!C:C)} -> 20 | E4: (vazio) | F4: DISJUNTOR MINI 3P 400VCA 50A | G4: 46073 | H4: Cotação a agregar | I4: 10 | N4: =C4&D4 -> #N/A
A5: Edney Jean | B5: (vazio) | C5: {=_xlfn.XLOOKUP('27.04'!F54 & G5,Export!P:P & Export!H:H,Export!B:B)} -> #N/A | D5: {=_xlfn.XLOOKUP(F5 & G5,Export!P:P & Export!H:H,Export!C:C)} -> 40 | E5: 4500760680 | F5: DISJUNTOR MINI 3P 400VCA 70A | G5: 46073 | H5: Aguardando emissão NF | I5: 15 | N5: =C5&D5 -> #N/A
A6: Edney Jean | B6: (vazio) | C6: {=_xlfn.XLOOKUP('27.04'!F53 & G6,Export!P:P & Export!H:H,Export!B:B)} -> #N/A | D6: {=_xlfn.XLOOKUP(F6 & G6,Export!P:P & Export!H:H,Export!C:C)} -> 140 | E6: 4500760680 | F6: DISJUNTOR TM 3P 400VCA 20A | G6: 46073 | H6: Aguardando emissão NF | I6: 10 | N6: =C6&D6 -> #N/A
A7: Marcilene Carvalho | B7: Marcilene Carvalho | C7: {=_xlfn.XLOOKUP('27.04'!F14 & G7,Export!P:P & Export!H:H,Export!B:B)} -> #N/A | D7: {=_xlfn.XLOOKUP(F7 & G7,Export!P:P & Export!H:H,Export!C:C)} -> 60 | E7: 4500620545 | F7: ELEMENTO ELASTICO E-128 VULKAN | G7: 45922 | H7: Aguardando emissão NF | I7: 4 | J7: SIm | K7: SIm | N7: =C7&D7 -> #N/A
A8: Marcilene Carvalho | B8: Marcilene Carvalho | C8: {=_xlfn.XLOOKUP('27.04'!F16 & G8,Export!P:P & Export!H:H,Export!B:B)} -> #N/A | D8: {=_xlfn.XLOOKUP(F8 & G8,Export!P:P & Export!H:H,Export!C:C)} -> 80 | E8: 4500620545 | F8: ELEMENTO ELASTICO E-148 VULKAN | G8: 45922 | H8: Aguardando emissão NF | I8: 2 | J8: SIm | K8: SIm | N8: =C8&D8 -> #N/A
A9: Marcilene Carvalho | B9: Marcilene Carvalho | C9: {=_xlfn.XLOOKUP('27.04'!F15 & G9,Export!P:P & Export!H:H,Export!B:B)} -> #N/A | D9: {=_xlfn.XLOOKUP(F9 & G9,Export!P:P & Export!H:H,Export!C:C)} -> 70 | E9: 4500620545 | F9: ELEMENTO ELASTICO GE112 VULKAN | G9: 45922 | H9: Aguardando emissão NF | I9: 2 | J9: SIm | K9: SIm | N9: =C9&D9 -> #N/A
A10: Sandra Cardoso | B10: Sandra Cardoso | C10: {=_xlfn.XLOOKUP('27.04'!F9 & G10,Export!P:P & Export!H:H,Export!B:B)} -> 16404745 | D10: {=_xlfn.XLOOKUP(F10 & G10,Export!P:P & Export!H:H,Export!C:C)} -> 90 | E10: 4500682923 | F10: ELETRODO NIVEL HASTE 3/4POL BSP DIGIMEC | G10: 45922 | H10: Aguardando emissão NF | I10: 20 | M10: Valor excessivo | N10: =C10&D10 -> 1640474590
A11: Edney Jean | B11: (vazio) | C11: {=_xlfn.XLOOKUP('27.04'!F57 & G11,Export!P:P & Export!H:H,Export!B:B)} -> #N/A | D11: {=_xlfn.XLOOKUP(F11 & G11,Export!P:P & Export!H:H,Export!C:C)} -> 30 | E11: 4500594849 | F11: ELETRODO PENDULO PO POLIPROPILENO H | G11: 45904 | H11: Escrituração Realizada | I11: 30 | J11: SIm | K11: SIm | N11: =C11&D11 -> #N/A
A12: Sandra Cardoso | B12: Sandra Cardoso | C12: {=_xlfn.XLOOKUP('27.04'!F10 & G12,Export!P:P & Export!H:H,Export!B:B)} -> #N/A | D12: {=_xlfn.XLOOKUP(F12 & G12,Export!P:P & Export!H:H,Export!C:C)} -> 10 | E12: 4500564848 | F12: ESCADA EXTENSIVEL 6 M | G12: 45855 | H12: Escrituração Realizada | I12: 2 | J12: SIm | K12: SIm | N12: =C12&D12 -> #N/A
A13: (vazio) | B13: (vazio) | C13: {=_xlfn.XLOOKUP('27.04'!F89 & G13,Export!P:P & Export!H:H,Export!B:B)} -> #N/A | D13: {=_xlfn.XLOOKUP(F13 & G13,Export!P:P & Export!H:H,Export!C:C)} -> 70 | E13: (vazio) | F13: ESCADA EXTENSIVEL 6 M | G13: 46122 | H13: Requisição - Item Bloqueado | I13: 2 | N13: =C13&D13 -> #N/A
A14: (vazio) | B14: (vazio) | C14: {=_xlfn.XLOOKUP('27.04'!F119 & G14,Export!P:P & Export!H:H,Export!B:B)} -> #N/A | D14: {=_xlfn.XLOOKUP(F14 & G14,Export!P:P & Export!H:H,Export!C:C)} -> 50 | E14: (vazio) | F14: FERRAMENTA ALINHAM POLIA 2,1MW | G14: 46073 | H14: Requisição - Item Eliminado | I14: 1 | N14: =C14&D14 -> #N/A
A15: Edney Jean | B15: (vazio) | C15: {=_xlfn.XLOOKUP('27.04'!F59 & G15,Export!P:P & Export!H:H,Export!B:B)} -> #N/A | D15: {=_xlfn.XLOOKUP(F15 & G15,Export!P:P & Export!H:H,Export!C:C)} -> 10 | E15: 4500721581 | F15: FITA ISOL PR 750V 19MM ROL 20M | G15: 46045 | H15: Escrituração Realizada | I15: 150 | J15: SIm | K15: SIm | N15: =C15&D15 -> #N/A
A16: Edney Jean | B16: (vazio) | C16: {=_xlfn.XLOOKUP('27.04'!F61 & G16,Export!P:P & Export!H:H,Export!B:B)} -> #N/A | D16: {=_xlfn.XLOOKUP(F16 & G16,Export!P:P & Export!H:H,Export!C:C)} -> 20 | E16: 4500721581 | F16: FITA ISOLANTE AUTOFUSAO PT 10M 19MM | G16: 46045 | H16: Escrituração Realizada | I16: 100 | J16: SIm | K16: SIm | N16: =C16&D16 -> #N/A
A17: Amanda Oliva | B17: Amanda Oliva | C17: {=_xlfn.XLOOKUP('27.04'!F69 & G17,Export!P:P & Export!H:H,Export!B:B)} -> #N/A | D17: {=_xlfn.XLOOKUP(F17 & G17,Export!P:P & Export!H:H,Export!C:C)} -> 20 | E17: 4500629184 | F17: FITA ROTULADOR 12MM 8M 1UN | G17: 45930 | H17: Escrituração Realizada | I17: 5 | J17: SIm | K17: SIm | N17: =C17&D17 -> #N/A
A18: (vazio) | B18: Fernando Gonçalo | C18: {=_xlfn.XLOOKUP('27.04'!F72 & G18,Export!P:P & Export!H:H,Export!B:B)} -> #N/A | D18: {=_xlfn.XLOOKUP(F18 & G18,Export!P:P & Export!H:H,Export!C:C)} -> 30 | E18: (vazio) | F18: FURADEIRA ELET IMP 3250RPM | G18: 46073 | H18: Cotação - em Negociação | I18: 1 | N18: =C18&D18 -> #N/A
A19: (vazio) | B19: Edson Sanchez | C19: {=_xlfn.XLOOKUP('27.04'!F70 & G19,Export!P:P & Export!H:H,Export!B:B)} -> 16429923 | D19: {=_xlfn.XLOOKUP(F19 & G19,Export!P:P & Export!H:H,Export!C:C)} -> 100 | E19: (vazio) | F19: FUSIVEL NH LAMINA 500V 100A | G19: 46073 | H19: Cotação - em Negociação | I19: 10 | N19: =C19&D19 -> 16429923100
A20: Edney Jean | B20: (vazio) | C20: {=_xlfn.XLOOKUP('27.04'!F55 & G20,Export!P:P & Export!H:H,Export!B:B)} -> #N/A | D20: {=_xlfn.XLOOKUP(F20 & G20,Export!P:P & Export!H:H,Export!C:C)} -> 90 | E20: 4500760680 | F20: FUSIVEL NH LAMINA 500V 80A | G20: 46073 | H20: Aguardando emissão NF | I20: 10 | N20: =C20&D20 -> #N/A
A21: Edney Jean | B21: (vazio) | C21: {=_xlfn.XLOOKUP('27.04'!F52 & G21,Export!P:P & Export!H:H,Export!B:B)} -> #N/A | D21: {=_xlfn.XLOOKUP(F21 & G21,Export!P:P & Export!H:H,Export!C:C)} -> 110 | E21: 4500760504 | F21: FUSIVEL NH00 LAMINA 500V 160A | G21: 46073 | H21: Aguardando emissão NF | I21: 10 | N21: =C21&D21 -> #N/A
A22: (vazio) | B22: (vazio) | C22: {=_xlfn.XLOOKUP('27.04'!F99 & G22,Export!P:P & Export!H:H,Export!B:B)} -> #N/A | D22: {=_xlfn.XLOOKUP(F22 & G22,Export!P:P & Export!H:H,Export!C:C)} -> 140 | E22: (vazio) | F22: FUSIVEL NH01 ULTRA-RAPIDO 690V 200A AR | G22: 46122 | H22: Requisição - Item Bloqueado | I22: 21 | N22: =C22&D22 -> #N/A
A23: (vazio) | B23: (vazio) | C23: {=_xlfn.XLOOKUP('27.04'!F100 & G23,Export!P:P & Export!H:H,Export!B:B)} -> #N/A | D23: {=_xlfn.XLOOKUP(F23 & G23,Export!P:P & Export!H:H,Export!C:C)} -> 150 | E23: (vazio) | F23: FUSIVEL NH01 ULTRA-RAPIDO 690V 63A AR | G23: 46122 | H23: Requisição - Item Bloqueado | I23: 21 | N23: =C23&D23 -> #N/A
A24: (vazio) | B24: (vazio) | C24: {=_xlfn.XLOOKUP('27.04'!F101 & G24,Export!P:P & Export!H:H,Export!B:B)} -> #N/A | D24: {=_xlfn.XLOOKUP(F24 & G24,Export!P:P & Export!H:H,Export!C:C)} -> 160 | E24: (vazio) | F24: FUSIVEL NH02 ULTRA-RAPIDO 690V 250A AR | G24: 46122 | H24: Requisição - Item Bloqueado | I24: 21 | N24: =C24&D24 -> #N/A
A25: (vazio) | B25: (vazio) | C25: {=_xlfn.XLOOKUP('27.04'!F102 & G25,Export!P:P & Export!H:H,Export!B:B)} -> #N/A | D25: {=_xlfn.XLOOKUP(F25 & G25,Export!P:P & Export!H:H,Export!C:C)} -> 20 | E25: (vazio) | F25: FUSIVEL ULTRA-RAPIDO 100A 690V 00 | G25: 46122 | H25: Requisição - Item Bloqueado | I25: 27 | N25: =C25&D25 -> #N/A
A26: (vazio) | B26: (vazio) | C26: {=_xlfn.XLOOKUP('27.04'!F103 & G26,Export!P:P & Export!H:H,Export!B:B)} -> #N/A | D26: {=_xlfn.XLOOKUP(F26 & G26,Export!P:P & Export!H:H,Export!C:C)} -> 30 | E26: (vazio) | F26: FUSIVEL ULTRA-RAPIDO 125A 690V 00 | G26: 46122 | H26: Requisição - Item Bloqueado | I26: 27 | N26: =C26&D26 -> #N/A
A27: (vazio) | B27: (vazio) | C27: {=_xlfn.XLOOKUP('27.04'!F104 & G27,Export!P:P & Export!H:H,Export!B:B)} -> #N/A | D27: {=_xlfn.XLOOKUP(F27 & G27,Export!P:P & Export!H:H,Export!C:C)} -> 40 | E27: (vazio) | F27: FUSIVEL ULTRA-RAPIDO 160A 100KVA | G27: 46122 | H27: Requisição - Item Bloqueado | I27: 21 | N27: =C27&D27 -> #N/A
A28: (vazio) | B28: (vazio) | C28: {=_xlfn.XLOOKUP('27.04'!F105 & G28,Export!P:P & Export!H:H,Export!B:B)} -> #N/A | D28: {=_xlfn.XLOOKUP(F28 & G28,Export!P:P & Export!H:H,Export!C:C)} -> 50 | E28: (vazio) | F28: FUSIVEL ULTRA-RAPIDO 350A 690V | G28: 46122 | H28: Requisição - Item Bloqueado | I28: 21 | N28: =C28&D28 -> #N/A
A29: (vazio) | B29: (vazio) | C29: {=_xlfn.XLOOKUP('27.04'!F106 & G29,Export!P:P & Export!H:H,Export!B:B)} -> #N/A | D29: {=_xlfn.XLOOKUP(F29 & G29,Export!P:P & Export!H:H,Export!C:C)} -> 60 | E29: (vazio) | F29: FUSIVEL ULTRA-RAPIDO 35A 690V 000 | G29: 46122 | H29: Requisição - Item Bloqueado | I29: 27 | N29: =C29&D29 -> #N/A
A30: (vazio) | B30: (vazio) | C30: {=_xlfn.XLOOKUP('27.04'!F107 & G30,Export!P:P & Export!H:H,Export!B:B)} -> #N/A | D30: {=_xlfn.XLOOKUP(F30 & G30,Export!P:P & Export!H:H,Export!C:C)} -> 70 | E30: (vazio) | F30: FUSIVEL ULTRA-RAPIDO 50A 690V 000 | G30: 46122 | H30: Requisição - Item Bloqueado | I30: 27 | N30: =C30&D30 -> #N/A
A31: (vazio) | B31: (vazio) | C31: {=_xlfn.XLOOKUP('27.04'!F108 & G31,Export!P:P & Export!H:H,Export!B:B)} -> #N/A | D31: {=_xlfn.XLOOKUP(F31 & G31,Export!P:P & Export!H:H,Export!C:C)} -> 80 | E31: (vazio) | F31: FUSIVEL ULTRA-RAPIDO 80A 690V 000 | G31: 46122 | H31: Requisição - Item Bloqueado | I31: 27 | N31: =C31&D31 -> #N/A
A32: (vazio) | B32: (vazio) | C32: {=_xlfn.XLOOKUP('27.04'!F109 & G32,Export!P:P & Export!H:H,Export!B:B)} -> #N/A | D32: {=_xlfn.XLOOKUP(F32 & G32,Export!P:P & Export!H:H,Export!C:C)} -> 90 | E32: (vazio) | F32: FUSIVEL ULTRA-RAPIDO NH-1 160A 690V | G32: 46122 | H32: Requisição - Item Bloqueado | I32: 21 | N32: =C32&D32 -> #N/A
A33: (vazio) | B33: (vazio) | C33: {=_xlfn.XLOOKUP('27.04'!F95 & G33,Export!P:P & Export!H:H,Export!B:B)} -> #N/A | D33: {=_xlfn.XLOOKUP(F33 & G33,Export!P:P & Export!H:H,Export!C:C)} -> 100 | E33: (vazio) | F33: FUSIVEL ULTRA-RAPIDO NH2 315A 690V | G33: 46122 | H33: Requisição - Item Bloqueado | I33: 21 | N33: =C33&D33 -> #N/A
A34: (vazio) | B34: (vazio) | C34: {=_xlfn.XLOOKUP('27.04'!F96 & G34,Export!P:P & Export!H:H,Export!B:B)} -> #N/A | D34: {=_xlfn.XLOOKUP(F34 & G34,Export!P:P & Export!H:H,Export!C:C)} -> 110 | E34: (vazio) | F34: FUSIVEL ULTRA-RAPIDO NH-2 630A 690V | G34: 46122 | H34: Requisição - Item Bloqueado | I34: 21 | N34: =C34&D34 -> #N/A
A35: (vazio) | B35: (vazio) | C35: {=_xlfn.XLOOKUP('27.04'!F97 & G35,Export!P:P & Export!H:H,Export!B:B)} -> #N/A | D35: {=_xlfn.XLOOKUP(F35 & G35,Export!P:P & Export!H:H,Export!C:C)} -> 120 | E35: (vazio) | F35: FUSIVEL ULTRA-RAPIDO SITOR 40A 690V | G35: 46122 | H35: Requisição - Item Bloqueado | I35: 21 | N35: =C35&D35 -> #N/A
A36: (vazio) | B36: (vazio) | C36: {=_xlfn.XLOOKUP('27.04'!F98 & G36,Export!P:P & Export!H:H,Export!B:B)} -> #N/A | D36: {=_xlfn.XLOOKUP(F36 & G36,Export!P:P & Export!H:H,Export!C:C)} -> 130 | E36: (vazio) | F36: FUSIVEL ULTRA-RAPIDO SITOR 63A 690V | G36: 46122 | H36: Requisição - Item Bloqueado | I36: 21 | N36: =C36&D36 -> #N/A
A37: (vazio) | B37: (vazio) | C37: {=_xlfn.XLOOKUP('27.04'!F86 & G37,Export!P:P & Export!H:H,Export!B:B)} -> #N/A | D37: {=_xlfn.XLOOKUP(F37 & G37,Export!P:P & Export!H:H,Export!C:C)} -> 40 | E37: (vazio) | F37: GARRAFA TERMICA 5L | G37: 46122 | H37: Requisição - Item Bloqueado | I37: 10 | N37: =C37&D37 -> #N/A
A38: (vazio) | B38: (vazio) | C38: {=_xlfn.XLOOKUP('27.04'!F120 & G38,Export!P:P & Export!H:H,Export!B:B)} -> #N/A | D38: {=_xlfn.XLOOKUP(F38 & G38,Export!P:P & Export!H:H,Export!C:C)} -> 10 | E38: (vazio) | F38: GARRAFA TERMICA 5L | G38: 46111 | H38: Requisição - Item Eliminado | I38: 1 | N38: =C38&D38 -> #N/A
A39: (vazio) | B39: (vazio) | C39: {=_xlfn.XLOOKUP('27.04'!F93 & G39,Export!P:P & Export!H:H,Export!B:B)} -> #N/A | D39: {=_xlfn.XLOOKUP(F39 & G39,Export!P:P & Export!H:H,Export!C:C)} -> 30 | E39: (vazio) | F39: GAXETA CORD QUAD 1/2POL | G39: 46122 | H39: Requisição - Item Bloqueado | I39: 5 | N39: =C39&D39 -> #N/A
A40: (vazio) | B40: (vazio) | C40: {=_xlfn.XLOOKUP('27.04'!F111 & G40,Export!P:P & Export!H:H,Export!B:B)} -> #N/A | D40: {=_xlfn.XLOOKUP(F40 & G40,Export!P:P & Export!H:H,Export!C:C)} -> 50 | E40: (vazio) | F40: GAXETA CORD QUAD 1/2POL | G40: 45902 | H40: Requisição - Item Concluído | I40: 1 | N40: =C40&D40 -> #N/A
A41: (vazio) | B41: (vazio) | C41: {=_xlfn.XLOOKUP('27.04'!F94 & G41,Export!P:P & Export!H:H,Export!B:B)} -> #N/A | D41: {=_xlfn.XLOOKUP(F41 & G41,Export!P:P & Export!H:H,Export!C:C)} -> 40 | E41: (vazio) | F41: GAXETA CORDAO QUADR 5/8POL | G41: 46122 | H41: Requisição - Item Bloqueado | I41: 5 | N41: =C41&D41 -> #N/A
A42: (vazio) | B42: (vazio) | C42: {=_xlfn.XLOOKUP('27.04'!F112 & G42,Export!P:P & Export!H:H,Export!B:B)} -> #N/A | D42: {=_xlfn.XLOOKUP(F42 & G42,Export!P:P & Export!H:H,Export!C:C)} -> 60 | E42: (vazio) | F42: GAXETA CORDAO QUADR 5/8POL | G42: 45902 | H42: Requisição - Item Concluído | I42: 1 | N42: =C42&D42 -> #N/A
A43: (vazio) | B43: (vazio) | C43: {=_xlfn.XLOOKUP('27.04'!F92 & G43,Export!P:P & Export!H:H,Export!B:B)} -> #N/A | D43: {=_xlfn.XLOOKUP(F43 & G43,Export!P:P & Export!H:H,Export!C:C)} -> 20 | E43: (vazio) | F43: GAXETA PTFE QUAD LUBRIF 9/16POL | G43: 46122 | H43: Requisição - Item Bloqueado | I43: 5 | N43: =C43&D43 -> #N/A
A44: Luciara Oliveira | B44: Luciara Oliveira | C44: {=_xlfn.XLOOKUP('27.04'!F28 & G44,Export!P:P & Export!H:H,Export!B:B)} -> #N/A | D44: {=_xlfn.XLOOKUP(F44 & G44,Export!P:P & Export!H:H,Export!C:C)} -> 30 | E44: 4500748185 | F44: GRAVADOR METAL ELETR 7100RPM 10W 127V | G44: 46063 | H44: Escrituração Realizada | I44: 2 | J44: SIm | K44: SIm | N44: =C44&D44 -> #N/A
A45: (vazio) | B45: (vazio) | C45: {=_xlfn.XLOOKUP('27.04'!F85 & G45,Export!P:P & Export!H:H,Export!B:B)} -> #N/A | D45: {=_xlfn.XLOOKUP(F45 & G45,Export!P:P & Export!H:H,Export!C:C)} -> 10 | E45: (vazio) | F45: INVERSOR FREQ TRI 75W 380/480V 140A | G45: 46111 | H45: Cotação a agregar | I45: 1 | N45: =C45&D45 -> #N/A
A46: Edney Jean | B46: (vazio) | C46: {=_xlfn.XLOOKUP('27.04'!F60 & G46,Export!P:P & Export!H:H,Export!B:B)} -> #N/A | D46: {=_xlfn.XLOOKUP(F46 & G46,Export!P:P & Export!H:H,Export!C:C)} -> 100 | E46: 4500737223 | F46: JG CHAVE FENDA SIMP CRUZ ISOL 1000V 7UN | G46: 46045 | H46: Escrituração Realizada | I46: 15 | J46: SIm | K46: SIm | N46: =C46&D46 -> #N/A
A47: Joaz Souza | B47: Joaz Souza | C47: {=_xlfn.XLOOKUP('27.04'!F45 & G47,Export!P:P & Export!H:H,Export!B:B)} -> #N/A | D47: {=_xlfn.XLOOKUP(F47 & G47,Export!P:P & Export!H:H,Export!C:C)} -> 40 | E47: 4500771313 | F47: KIT FERRAM BITS/SOQUETES 43PCS | G47: 46073 | H47: Aguardando emissão NF | I47: 2 | N47: =C47&D47 -> #N/A
A48: Beatriz Serafim | B48: Beatriz Serafim | C48: {=_xlfn.XLOOKUP('27.04'!F63 & G48,Export!P:P & Export!H:H,Export!B:B)} -> #N/A | D48: {=_xlfn.XLOOKUP(F48 & G48,Export!P:P & Export!H:H,Export!C:C)} -> 60 | E48: 4500782412 | F48: LENCOL BORR PT 2MM | G48: 46090 | H48: Aguardando emissão NF | I48: 2 | N48: =C48&D48 -> #N/A
A49: Beatriz Serafim | B49: Beatriz Serafim | C49: {=_xlfn.XLOOKUP('27.04'!F64 & G49,Export!P:P & Export!H:H,Export!B:B)} -> #N/A | D49: {=_xlfn.XLOOKUP(F49 & G49,Export!P:P & Export!H:H,Export!C:C)} -> 70 | E49: 4500782408 | F49: LENCOL BORR PT 3MM | G49: 46090 | H49: Aguardando emissão NF | I49: 5 | N49: =C49&D49 -> #N/A
A50: Beatriz Serafim | B50: Beatriz Serafim | C50: {=_xlfn.XLOOKUP('27.04'!F65 & G50,Export!P:P & Export!H:H,Export!B:B)} -> #N/A | D50: {=_xlfn.XLOOKUP(F50 & G50,Export!P:P & Export!H:H,Export!C:C)} -> 80 | E50: 4500782412 | F50: LENCOL BORR PT 4MM | G50: 46090 | H50: Aguardando emissão NF | I50: 5 | N50: =C50&D50 -> #N/A
A51: Edney Jean | B51: (vazio) | C51: {=_xlfn.XLOOKUP('27.04'!F56 & G51,Export!P:P & Export!H:H,Export!B:B)} -> #N/A | D51: {=_xlfn.XLOOKUP(F51 & G51,Export!P:P & Export!H:H,Export!C:C)} -> 20 | E51: 4500791420 | F51: LIMPA CONTATO LIQ TB SPR 300ML | G51: 46090 | H51: Aguardando emissão NF | I51: 15 | N51: =C51&D51 -> #N/A
A52: Marcilene Carvalho | B52: Marcilene Carvalho | C52: {=_xlfn.XLOOKUP('27.04'!F27 & G52,Export!P:P & Export!H:H,Export!B:B)} -> #N/A | D52: {=_xlfn.XLOOKUP(F52 & G52,Export!P:P & Export!H:H,Export!C:C)} -> 50 | E52: 4500618537 | F52: LUVA ACOPLAMENTO 168MM | G52: 45922 | H52: Escrituração Realizada | I52: 4 | J52: SIm | K52: SIm | N52: =C52&D52 -> #N/A
A53: Marcilene Carvalho | B53: Marcilene Carvalho | C53: {=_xlfn.XLOOKUP('27.04'!F26 & G53,Export!P:P & Export!H:H,Export!B:B)} -> #N/A | D53: {=_xlfn.XLOOKUP(F53 & G53,Export!P:P & Export!H:H,Export!C:C)} -> 40 | E53: 4500618537 | F53: LUVA ACOPLAMENTO 194MM | G53: 45922 | H53: Escrituração Realizada | I53: 4 | J53: SIm | K53: SIm | N53: =C53&D53 -> #N/A
A54: Marcilene Carvalho | B54: Marcilene Carvalho | C54: {=_xlfn.XLOOKUP('27.04'!F25 & G54,Export!P:P & Export!H:H,Export!B:B)} -> #N/A | D54: {=_xlfn.XLOOKUP(F54 & G54,Export!P:P & Export!H:H,Export!C:C)} -> 30 | E54: 4500618537 | F54: LUVA ACOPLAMENTO 240MM | G54: 45922 | H54: Escrituração Realizada | I54: 2 | J54: SIm | K54: SIm | N54: =C54&D54 -> #N/A
A55: Edney Jean | B55: (vazio) | C55: {=_xlfn.XLOOKUP('27.04'!F47 & G55,Export!P:P & Export!H:H,Export!B:B)} -> #N/A | D55: {=_xlfn.XLOOKUP(F55 & G55,Export!P:P & Export!H:H,Export!C:C)} -> 210 | E55: 4500738264 | F55: LUVA PROT TERMICA AGENTES MEC 10/GG | G55: 46056 | H55: Aguardando emissão NF | I55: 20 | N55: =C55&D55 -> #N/A
A56: Victor L. Lopes | B56: Victor L. Lopes | C56: {=_xlfn.XLOOKUP('27.04'!F7 & G56,Export!P:P & Export!H:H,Export!B:B)} -> #N/A | D56: {=_xlfn.XLOOKUP(F56 & G56,Export!P:P & Export!H:H,Export!C:C)} -> 200 | E56: 4500779259 | F56: LUVA PROT TERMICA AGENTES MEC 11/XG | G56: 46056 | H56: Aguardando emissão NF | I56: 20 | N56: =C56&D56 -> #N/A
A57: Edney Jean | B57: (vazio) | C57: {=_xlfn.XLOOKUP('27.04'!F48 & G57,Export!P:P & Export!H:H,Export!B:B)} -> #N/A | D57: {=_xlfn.XLOOKUP(F57 & G57,Export!P:P & Export!H:H,Export!C:C)} -> 220 | E57: 4500738264 | F57: LUVA PROT TERMICA AGENTES MEC 9/G | G57: 46056 | H57: Aguardando emissão NF | I57: 20 | N57: =C57&D57 -> #N/A
A58: Victor L. Lopes | B58: Victor L. Lopes | C58: {=_xlfn.XLOOKUP('27.04'!F2 & G58,Export!P:P & Export!H:H,Export!B:B)} -> #N/A | D58: {=_xlfn.XLOOKUP(F58 & G58,Export!P:P & Export!H:H,Export!C:C)} -> 150 | E58: 4500779259 | F58: LUVA SEG PA PT TAM G | G58: 46056 | H58: Aguardando emissão NF | I58: 15 | L58: Sim | M58: Hoje, dia 27.04, o comprador cobrou o fornecedor, pedido já tem NF | N58: =C58&D58 -> #N/A
A59: Victor L. Lopes | B59: Victor L. Lopes | C59: {=_xlfn.XLOOKUP('27.04'!F3 & G59,Export!P:P & Export!H:H,Export!B:B)} -> #N/A | D59: {=_xlfn.XLOOKUP(F59 & G59,Export!P:P & Export!H:H,Export!C:C)} -> 160 | E59: 4500779259 | F59: LUVA SEG PA PT TAM GG | G59: 46056 | H59: Aguardando emissão NF | I59: 15 | L59: Sim | M59: Hoje, dia 27.04, o comprador cobrou o fornecedor, pedido já tem NF | N59: =C59&D59 -> #N/A
A60: Victor L. Lopes | B60: Victor L. Lopes | C60: {=_xlfn.XLOOKUP('27.04'!F4 & G60,Export!P:P & Export!H:H,Export!B:B)} -> #N/A | D60: {=_xlfn.XLOOKUP(F60 & G60,Export!P:P & Export!H:H,Export!C:C)} -> 170 | E60: 4500779259 | F60: LUVA SEG PA PT TAM M PT QUIM MEC | G60: 46056 | H60: Aguardando emissão NF | I60: 10 | L60: Sim | M60: Hoje, dia 27.04, o comprador cobrou o fornecedor, pedido já tem NF | N60: =C60&D60 -> #N/A
A61: Victor L. Lopes | B61: Victor L. Lopes | C61: {=_xlfn.XLOOKUP('27.04'!F5 & G61,Export!P:P & Export!H:H,Export!B:B)} -> #N/A | D61: {=_xlfn.XLOOKUP(F61 & G61,Export!P:P & Export!H:H,Export!C:C)} -> 180 | E61: 4500779259 | F61: LUVA SEG PA PT TAM XG | G61: 46056 | H61: Aguardando emissão NF | I61: 15 | L61: Sim | M61: Hoje, dia 27.04, o comprador cobrou o fornecedor, pedido já tem NF | N61: =C61&D61 -> #N/A
A62: Victor L. Lopes | B62: Victor L. Lopes | C62: {=_xlfn.XLOOKUP('27.04'!F6 & G62,Export!P:P & Export!H:H,Export!B:B)} -> #N/A | D62: {=_xlfn.XLOOKUP(F62 & G62,Export!P:P & Export!H:H,Export!C:C)} -> 190 | E62: 4500779259 | F62: LUVA SEG PA PT TAM XXG | G62: 46056 | H62: Aguardando emissão NF | I62: 10 | J62: Não | K62: Não | L62: Sim | M62: O fabricante não fabrica este tamanho | N62: =C62&D62 -> #N/A
A63: André Queiroz | B63: André Queiroz | C63: {=_xlfn.XLOOKUP('27.04'!F67 & G63,Export!P:P & Export!H:H,Export!B:B)} -> #N/A | D63: {=_xlfn.XLOOKUP(F63 & G63,Export!P:P & Export!H:H,Export!C:C)} -> 10 | E63: 4500750655 | F63: MARCADOR IND 2MM AMARELA TB 60ML | G63: 46063 | H63: Escrituração Realizada | I63: 3 | J63: SIm | K63: SIm | N63: =C63&D63 -> #N/A
A64: Beatriz Serafim | B64: Beatriz Serafim | C64: {=_xlfn.XLOOKUP('27.04'!F66 & G64,Export!P:P & Export!H:H,Export!B:B)} -> #N/A | D64: {=_xlfn.XLOOKUP(F64 & G64,Export!P:P & Export!H:H,Export!C:C)} -> 10 | E64: 4500716344 | F64: MASSA PLAST PAST CZ LT 400GR | G64: 46024 | H64: Escrituração Realizada | I64: 10 | J64: SIm | K64: SIm | N64: =C64&D64 -> #N/A
A65: André Queiroz | B65: André Queiroz | C65: {=_xlfn.XLOOKUP('27.04'!F68 & G65,Export!P:P & Export!H:H,Export!B:B)} -> #N/A | D65: {=_xlfn.XLOOKUP(F65 & G65,Export!P:P & Export!H:H,Export!C:C)} -> 10 | E65: 4500751393 | F65: MASSA PLAST PAST CZ LT 400GR | G65: 46073 | H65: Escrituração Realizada | I65: 10 | N65: =C65&D65 -> #N/A
A66: (vazio) | B66: (vazio) | C66: {=_xlfn.XLOOKUP('27.04'!F91 & G66,Export!P:P & Export!H:H,Export!B:B)} -> #N/A | D66: {=_xlfn.XLOOKUP(F66 & G66,Export!P:P & Export!H:H,Export!C:C)} -> 20 | E66: (vazio) | F66: MEGOMETRO PORTATIL 1000V | G66: 46125 | H66: Requisição - Item Bloqueado | I66: 1 | N66: =C66&D66 -> #N/A
A67: (vazio) | B67: (vazio) | C67: {=_xlfn.XLOOKUP('27.04'!F90 & G67,Export!P:P & Export!H:H,Export!B:B)} -> #N/A | D67: {=_xlfn.XLOOKUP(F67 & G67,Export!P:P & Export!H:H,Export!C:C)} -> 10 | E67: (vazio) | F67: MEGOMETRO PORTATIL MINIPA MI-2552 | G67: 46125 | H67: Requisição - Item Bloqueado | I67: 1 | N67: =C67&D67 -> #N/A
A68: (vazio) | B68: (vazio) | C68: {=_xlfn.XLOOKUP('27.04'!F82 & G68,Export!P:P & Export!H:H,Export!B:B)} -> #N/A | D68: {=_xlfn.XLOOKUP(F68 & G68,Export!P:P & Export!H:H,Export!C:C)} -> 30 | E68: (vazio) | F68: MICRO OLEO DESENGRIPANTE AEROSSOL 300ML | G68: 46090 | H68: Cotação a agregar | I68: 15 | N68: =C68&D68 -> #N/A
A69: Joaz Souza | B69: Joaz Souza | C69: {=_xlfn.XLOOKUP('27.04'!F44 & G69,Export!P:P & Export!H:H,Export!B:B)} -> #N/A | D69: {=_xlfn.XLOOKUP(F69 & G69,Export!P:P & Export!H:H,Export!C:C)} -> 20 | E69: 4500771313 | F69: PARAFUSADEIRA ELETR IMPAC A BATERIA 40V | G69: 46073 | H69: Aguardando emissão NF | I69: 1 | N69: =C69&D69 -> #N/A
A70: Edney Jean | B70: (vazio) | C70: {=_xlfn.XLOOKUP('27.04'!F50 & G70,Export!P:P & Export!H:H,Export!B:B)} -> #N/A | D70: {=_xlfn.XLOOKUP(F70 & G70,Export!P:P & Export!H:H,Export!C:C)} -> 10 | E70: 4500760393 | F70: PARAFUSADEIRA FURADEIRA 110/220V | G70: 46073 | H70: Aguardando emissão NF | I70: 1 | N70: =C70&D70 -> #N/A
A71: Jocilene Ramos | B71: Jocilene Ramos | C71: {=_xlfn.XLOOKUP('27.04'!F29 & G71,Export!P:P & Export!H:H,Export!B:B)} -> #N/A | D71: {=_xlfn.XLOOKUP(F71 & G71,Export!P:P & Export!H:H,Export!C:C)} -> 20 | E71: 4500779173 | F71: PILHA RECAREG 1,2V AA 4UN | G71: 46090 | H71: Escrituração Realizada | I71: 5 | J71: Sim | K71: Sim | N71: =C71&D71 -> #N/A
A72: (vazio) | B72: (vazio) | C72: {=_xlfn.XLOOKUP('27.04'!F87 & G72,Export!P:P & Export!H:H,Export!B:B)} -> #N/A | D72: {=_xlfn.XLOOKUP(F72 & G72,Export!P:P & Export!H:H,Export!C:C)} -> 50 | E72: (vazio) | F72: PLUG 3P+T 63A 380/440V VM IP67 | G72: 46122 | H72: Requisição - Item Bloqueado | I72: 10 | N72: =C72&D72 -> #N/A
A73: (vazio) | B73: (vazio) | C73: {=_xlfn.XLOOKUP('27.04'!F114 & G73,Export!P:P & Export!H:H,Export!B:B)} -> #N/A | D73: {=_xlfn.XLOOKUP(F73 & G73,Export!P:P & Export!H:H,Export!C:C)} -> 50 | E73: (vazio) | F73: PLUG 3P+T 63A 380/440V VM IP67 | G73: 46045 | H73: Requisição - Item Concluído | I73: 10 | N73: =C73&D73 -> #N/A
A74: (vazio) | B74: (vazio) | C74: {=_xlfn.XLOOKUP('27.04'!F88 & G74,Export!P:P & Export!H:H,Export!B:B)} -> #N/A | D74: {=_xlfn.XLOOKUP(F74 & G74,Export!P:P & Export!H:H,Export!C:C)} -> 60 | E74: (vazio) | F74: PLUGUE ENERGIA PA AZ MACHO 3P+T 32A | G74: 46122 | H74: Requisição - Item Bloqueado | I74: 10 | N74: =C74&D74 -> #N/A
A75: (vazio) | B75: (vazio) | C75: {=_xlfn.XLOOKUP('27.04'!F115 & G75,Export!P:P & Export!H:H,Export!B:B)} -> 16425056 | D75: {=_xlfn.XLOOKUP(F75 & G75,Export!P:P & Export!H:H,Export!C:C)} -> 70 | E75: (vazio) | F75: PLUGUE ENERGIA PA AZ MACHO 3P+T 32A | G75: 46045 | H75: Requisição - Item Concluído | I75: 5 | N75: =C75&D75 -> 1642505670
A76: Marcilene Carvalho | B76: Marcilene Carvalho | C76: {=_xlfn.XLOOKUP('27.04'!F21 & G76,Export!P:P & Export!H:H,Export!B:B)} -> #N/A | D76: {=_xlfn.XLOOKUP(F76 & G76,Export!P:P & Export!H:H,Export!C:C)} -> 110 | E76: 4500621638 | F76: PORCA AC 1020 1/2POL | G76: 45922 | H76: Escrituração Realizada | I76: 50 | N76: =C76&D76 -> #N/A
A77: Marcilene Carvalho | B77: Marcilene Carvalho | C77: {=_xlfn.XLOOKUP('27.04'!F22 & G77,Export!P:P & Export!H:H,Export!B:B)} -> #N/A | D77: {=_xlfn.XLOOKUP(F77 & G77,Export!P:P & Export!H:H,Export!C:C)} -> 120 | E77: 4500621638 | F77: PORCA AC 1020 3/4POL | G77: 45922 | H77: Escrituração Realizada | I77: 100 | N77: =C77&D77 -> #N/A
A78: Marcilene Carvalho | B78: Marcilene Carvalho | C78: {=_xlfn.XLOOKUP('27.04'!F23 & G78,Export!P:P & Export!H:H,Export!B:B)} -> #N/A | D78: {=_xlfn.XLOOKUP(F78 & G78,Export!P:P & Export!H:H,Export!C:C)} -> 130 | E78: 4500621638 | F78: PORCA AC 1020 5/16POL | G78: 45922 | H78: Escrituração Realizada | I78: 100 | N78: =C78&D78 -> #N/A
A79: Marcilene Carvalho | B79: Marcilene Carvalho | C79: {=_xlfn.XLOOKUP('27.04'!F24 & G79,Export!P:P & Export!H:H,Export!B:B)} -> #N/A | D79: {=_xlfn.XLOOKUP(F79 & G79,Export!P:P & Export!H:H,Export!C:C)} -> 140 | E79: 4500621638 | F79: PORCA SEXT AC 1020 1POL | G79: 45922 | H79: Escrituração Realizada | I79: 50 | N79: =C79&D79 -> #N/A
A80: (vazio) | B80: Edson Sanchez | C80: {=_xlfn.XLOOKUP('27.04'!F110 & G80,Export!P:P & Export!H:H,Export!B:B)} -> #N/A | D80: {=_xlfn.XLOOKUP(F80 & G80,Export!P:P & Export!H:H,Export!C:C)} -> 40 | E80: (vazio) | F80: RELE NIVEL 220V CA 5A 60HZ 250V | G80: 46063 | H80: Requisição - Item Concluído | I80: 15 | N80: =C80&D80 -> #N/A
A81: Edney Jean | B81: (vazio) | C81: {=_xlfn.XLOOKUP('27.04'!F62 & G81,Export!P:P & Export!H:H,Export!B:B)} -> #N/A | D81: {=_xlfn.XLOOKUP(F81 & G81,Export!P:P & Export!H:H,Export!C:C)} -> 50 | E81: 4500737715 | F81: RELE NIVEL INF SUP 220/380V 50/60HZ IP20 | G81: 46063 | H81: Escrituração Realizada | I81: 15 | J81: SIm | K81: SIm | N81: =C81&D81 -> #N/A
A82: Victor L. Lopes | B82: Victor L. Lopes | C82: {=_xlfn.XLOOKUP('27.04'!F8 & G82,Export!P:P & Export!H:H,Export!B:B)} -> #N/A | D82: {=_xlfn.XLOOKUP(F82 & G82,Export!P:P & Export!H:H,Export!C:C)} -> 30 | E82: 4500792326 | F82: RELE TEMP RETARDO ENERGIZ 0,5A30MIN 110V | G82: 46073 | H82: Aguardando emissão NF | I82: 15 | N82: =C82&D82 -> #N/A
A83: Edney Jean | B83: (vazio) | C83: {=_xlfn.XLOOKUP('27.04'!F49 & G83,Export!P:P & Export!H:H,Export!B:B)} -> #N/A | D83: {=_xlfn.XLOOKUP(F83 & G83,Export!P:P & Export!H:H,Export!C:C)} -> 20 | E83: 4500740122 | F83: RELE TEMPORIZADO TENSAO ALIMENTACAO 100 | G83: 46063 | H83: Aguardando emissão NF | I83: 3 | N83: =C83&D83 -> #N/A
A84: Joaz Souza | B84: Joaz Souza | C84: {=_xlfn.XLOOKUP('27.04'!F32 & G84,Export!P:P & Export!H:H,Export!B:B)} -> #N/A | D84: {=_xlfn.XLOOKUP(F84 & G84,Export!P:P & Export!H:H,Export!C:C)} -> 10 | E84: 4500778966 | F84: ROLAMENTO ESF RIG 6202-2ZC3 SKF | G84: 46056 | H84: Aguardando emissão NF | I84: 4 | L84: Sim | M84: Sem retorno do comprador | N84: =C84&D84 -> #N/A
A85: Joaz Souza | B85: Joaz Souza | C85: {=_xlfn.XLOOKUP('27.04'!F37 & G85,Export!P:P & Export!H:H,Export!B:B)} -> #N/A | D85: {=_xlfn.XLOOKUP(F85 & G85,Export!P:P & Export!H:H,Export!C:C)} -> 20 | E85: 4500778966 | F85: ROLAMENTO ESF RIG 6203Z SKF | G85: 46056 | H85: Aguardando emissão NF | I85: 4 | L85: Sim | M85: Sem retorno do comprador | N85: =C85&D85 -> #N/A
A86: Marcilene Carvalho | B86: Marcilene Carvalho | C86: {=_xlfn.XLOOKUP('27.04'!F18 & G86,Export!P:P & Export!H:H,Export!B:B)} -> #N/A | D86: {=_xlfn.XLOOKUP(F86 & G86,Export!P:P & Export!H:H,Export!C:C)} -> 20 | E86: 4500620544 | F86: ROLAMENTO ESF RIG 6203ZZ B EEMS NSK | G86: 45922 | H86: Escrituração Final Realizada | I86: 3 | N86: =C86&D86 -> #N/A
A87: Joaz Souza | B87: Joaz Souza | C87: {=_xlfn.XLOOKUP('27.04'!F38 & G87,Export!P:P & Export!H:H,Export!B:B)} -> #N/A | D87: {=_xlfn.XLOOKUP(F87 & G87,Export!P:P & Export!H:H,Export!C:C)} -> 30 | E87: 4500778966 | F87: ROLAMENTO ESF RIG 6204-2Z SKF | G87: 46056 | H87: Aguardando emissão NF | I87: 4 | L87: Sim | M87: Sem retorno do comprador | N87: =C87&D87 -> #N/A
A88: Joaz Souza | B88: Joaz Souza | C88: {=_xlfn.XLOOKUP('27.04'!F39 & G88,Export!P:P & Export!H:H,Export!B:B)} -> #N/A | D88: {=_xlfn.XLOOKUP(F88 & G88,Export!P:P & Export!H:H,Export!C:C)} -> 50 | E88: 4500778966 | F88: ROLAMENTO ESF RIG 6206 SKF | G88: 46056 | H88: Aguardando emissão NF | I88: 5 | L88: Sim | M88: Sem retorno do comprador | N88: =C88&D88 -> #N/A
A89: Joaz Souza | B89: Joaz Souza | C89: {=_xlfn.XLOOKUP('27.04'!F40 & G89,Export!P:P & Export!H:H,Export!B:B)} -> #N/A | D89: {=_xlfn.XLOOKUP(F89 & G89,Export!P:P & Export!H:H,Export!C:C)} -> 60 | E89: 4500778966 | F89: ROLAMENTO ESF RIG 6207-2Z/C3 SKF | G89: 46056 | H89: Aguardando emissão NF | I89: 5 | L89: Sim | M89: Sem retorno do comprador | N89: =C89&D89 -> #N/A
A90: Joaz Souza | B90: Joaz Souza | C90: {=_xlfn.XLOOKUP('27.04'!F35 & G90,Export!P:P & Export!H:H,Export!B:B)} -> #N/A | D90: {=_xlfn.XLOOKUP(F90 & G90,Export!P:P & Export!H:H,Export!C:C)} -> 130 | E90: 4500778966 | F90: ROLAMENTO ESF RIG 6208-2Z SKF | G90: 46056 | H90: Aguardando emissão NF | I90: 10 | L90: Sim | M90: Sem retorno do comprador | N90: =C90&D90 -> #N/A
A91: Marcilene Carvalho | B91: Marcilene Carvalho | C91: {=_xlfn.XLOOKUP('27.04'!F13 & G91,Export!P:P & Export!H:H,Export!B:B)} -> #N/A | D91: {=_xlfn.XLOOKUP(F91 & G91,Export!P:P & Export!H:H,Export!C:C)} -> 40 | E91: 4500598336 | F91: ROLAMENTO ESF RIG 6209 ZZ C3 SKF | G91: 45902 | H91: Aguardando emissão NF | I91: 6 | N91: =C91&D91 -> #N/A
A92: Joaz Souza | B92: Joaz Souza | C92: {=_xlfn.XLOOKUP('27.04'!F31 & G92,Export!P:P & Export!H:H,Export!B:B)} -> #N/A | D92: {=_xlfn.XLOOKUP(F92 & G92,Export!P:P & Export!H:H,Export!C:C)} -> 40 | E92: 4500779915 | F92: ROLAMENTO ESF RIG 6209 ZZ C3 SKF | G92: 46045 | H92: Aguardando emissão NF | I92: 15 | L92: Sim | M92: Sem retorno do comprador | N92: =C92&D92 -> #N/A
A93: Joaz Souza | B93: Joaz Souza | C93: {=_xlfn.XLOOKUP('27.04'!F41 & G93,Export!P:P & Export!H:H,Export!B:B)} -> #N/A | D93: {=_xlfn.XLOOKUP(F93 & G93,Export!P:P & Export!H:H,Export!C:C)} -> 70 | E93: 4500778966 | F93: ROLAMENTO ESF RIG 6211ZC3 SKF | G93: 46056 | H93: Aguardando emissão NF | I93: 8 | L93: Sim | M93: Sem retorno do comprador | N93: =C93&D93 -> #N/A
A94: Joaz Souza | B94: Joaz Souza | C94: {=_xlfn.XLOOKUP('27.04'!F36 & G94,Export!P:P & Export!H:H,Export!B:B)} -> #N/A | D94: {=_xlfn.XLOOKUP(F94 & G94,Export!P:P & Export!H:H,Export!C:C)} -> 140 | E94: 4500778966 | F94: ROLAMENTO ESF RIG 6212C3 SKF | G94: 46056 | H94: Aguardando emissão NF | I94: 4 | L94: Sim | M94: Sem retorno do comprador | N94: =C94&D94 -> #N/A
A95: Marcilene Carvalho | B95: Marcilene Carvalho | C95: {=_xlfn.XLOOKUP('27.04'!F17 & G95,Export!P:P & Export!H:H,Export!B:B)} -> #N/A | D95: {=_xlfn.XLOOKUP(F95 & G95,Export!P:P & Export!H:H,Export!C:C)} -> 10 | E95: 4500620544 | F95: ROLAMENTO ESF RIG 6213ZC3 NSK | G95: 45922 | H95: Escrituração Final Realizada | I95: 6 | N95: =C95&D95 -> #N/A
A96: Joaz Souza | B96: Joaz Souza | C96: {=_xlfn.XLOOKUP('27.04'!F42 & G96,Export!P:P & Export!H:H,Export!B:B)} -> #N/A | D96: {=_xlfn.XLOOKUP(F96 & G96,Export!P:P & Export!H:H,Export!C:C)} -> 80 | E96: 4500778966 | F96: ROLAMENTO ESF RIG 6307-2Z SKF | G96: 46056 | H96: Aguardando emissão NF | I96: 10 | L96: Sim | M96: Sem retorno do comprador | N96: =C96&D96 -> #N/A
A97: Marcilene Carvalho | B97: Marcilene Carvalho | C97: {=_xlfn.XLOOKUP('27.04'!F12 & G97,Export!P:P & Export!H:H,Export!B:B)} -> #N/A | D97: {=_xlfn.XLOOKUP(F97 & G97,Export!P:P & Export!H:H,Export!C:C)} -> 30 | E97: 4500598336 | F97: ROLAMENTO ESF RIG 6309-2Z/C3 SKF | G97: 45902 | H97: Aguardando emissão NF | I97: 6 | N97: =C97&D97 -> #N/A
A98: Joaz Souza | B98: Joaz Souza | C98: {=_xlfn.XLOOKUP('27.04'!F30 & G98,Export!P:P & Export!H:H,Export!B:B)} -> #N/A | D98: {=_xlfn.XLOOKUP(F98 & G98,Export!P:P & Export!H:H,Export!C:C)} -> 30 | E98: 4500779915 | F98: ROLAMENTO ESF RIG 6309-2Z/C3 SKF | G98: 46045 | H98: Aguardando emissão NF | I98: 15 | L98: Sim | M98: Sem retorno do comprador | N98: =C98&D98 -> #N/A
A99: Joaz Souza | B99: Joaz Souza | C99: {=_xlfn.XLOOKUP('27.04'!F43 & G99,Export!P:P & Export!H:H,Export!B:B)} -> #N/A | D99: {=_xlfn.XLOOKUP(F99 & G99,Export!P:P & Export!H:H,Export!C:C)} -> 90 | E99: 4500778966 | F99: ROLAMENTO ESF RIG 6310-2Z/C3 SKF | G99: 46056 | H99: Aguardando emissão NF | I99: 4 | L99: Sim | M99: Sem retorno do comprador | N99: =C99&D99 -> #N/A
A100: Joaz Souza | B100: Joaz Souza | C100: {=_xlfn.XLOOKUP('27.04'!F33 & G100,Export!P:P & Export!H:H,Export!B:B)} -> #N/A | D100: {=_xlfn.XLOOKUP(F100 & G100,Export!P:P & Export!H:H,Export!C:C)} -> 100 | E100: 4500778966 | F100: ROLAMENTO ESF RIG 6311ZZC3 FAG | G100: 46056 | H100: Aguardando emissão NF | I100: 4 | L100: Sim | M100: Sem retorno do comprador | N100: =C100&D100 -> #N/A
...

Sheet 01.06
A1: Rótulos de Linha | B1: Comprador Cotação | C1: Requisicao | D1: Item RC | E1: Pedido | F1: Descrição Material | G1: Dt Criação RC | H1: Status Geral | I1: Qtde RC | J1: Chegou? | K1: Foi Retirado? | L1: Cobrado via Email? | M1: Obs: | N1: Chave
A2: Luciara Oliveira | B2: Luciara Oliveira | C2: 16362199 | D2: 2130 | E2: 4500437805 | F2: ANEL BORR ABF FLANGE FOFO DN100MM | G2: 45659 | H2: Escrituração Realizada | I2: 2 | J2: SIm | K2: SIm | N2: =C2&D2 -> 163621992130
A3: Luciara Oliveira | B3: Luciara Oliveira | C3: 16362199 | D3: 500 | E3: 4500437805 | F3: ANEL BORR ABF FLANGE FOFO DN100MM | G3: 45659 | H3: Escrituração Realizada | I3: 2 | J3: SIm | K3: SIm | N3: =C3&D3 -> 16362199500
A4: Victor L. Lopes | B4: Victor L. Lopes | C4: 16378221 | D4: 10 | E4: 4500509387 | F4: BASTAO RESGATE FIBRA VID 34,5KV 2,28M | G4: 45754 | H4: PC - em Aprovação | I4: 4 | N4: =C4&D4 -> 1637822110
A5: Sandra Cardoso | B5: Sandra Cardoso | C5: 16394071 | D5: 10 | E5: 4500564848 | F5: ESCADA EXTENSIVEL 6 M | G5: 45855 | H5: Escrituração Realizada | I5: 2 | J5: SIm | K5: SIm | N5: =C5&D5 -> 1639407110
A6: (vazio) | B6: (vazio) | C6: 16394075 | D6: 10 | E6: (vazio) | F6: BOMBA MANUAL GRAX 12G 7KG | G6: 45855 | H6: Requisição - Item Concluído | I6: 10 | J6: Não | K6: Não | M6: CANCELADO | N6: =C6&D6 -> 1639407510
A7: Sandra Cardoso | B7: Sandra Cardoso | C7: 16401510 | D7: 10 | E7: 4500595429 | F7: CHAVE COMBINADA 15º-10º 36MM | G7: 45902 | H7: Aguardando emissão NF | I7: 3 | J7: SIm | K7: Não | N7: =C7&D7 -> 1640151010
A8: (vazio) | B8: (vazio) | C8: 16401510 | D8: 20 | E8: (vazio) | F8: DESENGRIPANTE LIQ AM SPR 300ML | G8: 45902 | H8: Requisição - Item Concluído | I8: 30 | J8: Não | K8: Não | M8: CANCELADO | N8: =C8&D8 -> 1640151020
A9: (vazio) | B9: (vazio) | C9: 16401510 | D9: 50 | E9: (vazio) | F9: GAXETA CORD QUAD 1/2POL | G9: 45902 | H9: Requisição - Item Concluído | I9: 1 | J9: Não | K9: Não | M9: CANCELADO | N9: =C9&D9 -> 1640151050
A10: (vazio) | B10: (vazio) | C10: 16401510 | D10: 60 | E10: (vazio) | F10: GAXETA CORDAO QUADR 5/8POL | G10: 45902 | H10: Requisição - Item Concluído | I10: 1 | J10: Não | K10: Não | M10: CANCELADO | N10: =C10&D10 -> 1640151060
A11: Marcilene Carvalho | B11: Marcilene Carvalho | C11: 16401510 | D11: 40 | E11: 4500598336 | F11: ROLAMENTO ESF RIG 6209 ZZ C3 SKF | G11: 45902 | H11: Aguardando emissão NF | I11: 6 | N11: =C11&D11 -> 1640151040
A12: Marcilene Carvalho | B12: Marcilene Carvalho | C12: 16401510 | D12: 30 | E12: 4500598336 | F12: ROLAMENTO ESF RIG 6309-2Z/C3 SKF | G12: 45902 | H12: Aguardando emissão NF | I12: 6 | N12: =C12&D12 -> 1640151030
A13: Edney Jean | B13: (vazio) | C13: 16401860 | D13: 30 | E13: 4500594849 | F13: ELETRODO PENDULO PO POLIPROPILENO H | G13: 45904 | H13: Escrituração Realizada | I13: 30 | J13: SIm | K13: SIm | N13: =C13&D13 -> 1640186030
A14: Marcilene Carvalho | B14: Marcilene Carvalho | C14: 16401860 | D14: 10 | E14: 4500600032 | F14: SELO MECANICO TS-P 1.1/4POL | G14: 45904 | H14: Escrituração Realizada | I14: 10 | J14: SIm | K14: SIm | N14: =C14&D14 -> 1640186010
A15: Marcilene Carvalho | B15: Marcilene Carvalho | C15: 16401860 | D15: 20 | E15: 4500600032 | F15: SELO MECANICO TS-P 1.3/4POL | G15: 45904 | H15: Escrituração Realizada | I15: 10 | J15: SIm | K15: SIm | N15: =C15&D15 -> 1640186020
A16: Edney Jean | B16: (vazio) | C16: 16404745 | D16: 150 | E16: 4500612934 | F16: CABO ELET FLEX 750V 1MM2 PT | G16: 45922 | H16: Escrituração Realizada | I16: 600 | J16: SIm | K16: SIm | N16: =C16&D16 -> 16404745150
A17: Edney Jean | B17: (vazio) | C17: 16404745 | D17: 160 | E17: 4500612934 | F17: CABO ELET FLEX 750V 1MM2 CZ | G17: 45922 | H17: Escrituração Realizada | I17: 600 | J17: SIm | K17: SIm | N17: =C17&D17 -> 16404745160
A18: Luciara Oliveira | B18: Luciara Oliveira | C18: 16404745 | D18: 100 | E18: 4500619102 | F18: BARRA ROSCADA AC 1020 1/2POL UNC 1M | G18: 45922 | H18: Escrituração Realizada | I18: 10 | N18: =C18&D18 -> 16404745100
A19: Marcilene Carvalho | B19: Marcilene Carvalho | C19: 16404745 | D19: 20 | E19: 4500620544 | F19: ROLAMENTO ESF RIG 6203ZZ B EEMS NSK | G19: 45922 | H19: Escrituração Final Realizada | I19: 3 | N19: =C19&D19 -> 1640474520
A20: Marcilene Carvalho | B20: Marcilene Carvalho | C20: 16404745 | D20: 110 | E20: 4500621638 | F20: PORCA AC 1020 1/2POL | G20: 45922 | H20: Escrituração Realizada | I20: 50 | N20: =C20&D20 -> 16404745110
A21: Marcilene Carvalho | B21: Marcilene Carvalho | C21: 16404745 | D21: 120 | E21: 4500621638 | F21: PORCA AC 1020 3/4POL | G21: 45922 | H21: Escrituração Realizada | I21: 100 | N21: =C21&D21 -> 16404745120
A22: Marcilene Carvalho | B22: Marcilene Carvalho | C22: 16404745 | D22: 130 | E22: 4500621638 | F22: PORCA AC 1020 5/16POL | G22: 45922 | H22: Escrituração Realizada | I22: 100 | N22: =C22&D22 -> 16404745130
A23: Marcilene Carvalho | B23: Marcilene Carvalho | C23: 16404745 | D23: 140 | E23: 4500621638 | F23: PORCA SEXT AC 1020 1POL | G23: 45922 | H23: Escrituração Realizada | I23: 50 | N23: =C23&D23 -> 16404745140
A24: Marcilene Carvalho | B24: Marcilene Carvalho | C24: 16404745 | D24: 30 | E24: 4500618537 | F24: LUVA ACOPLAMENTO 240MM | G24: 45922 | H24: Escrituração Realizada | I24: 2 | J24: SIm | K24: SIm | N24: =C24&D24 -> 1640474530
A25: Marcilene Carvalho | B25: Marcilene Carvalho | C25: 16404745 | D25: 40 | E25: 4500618537 | F25: LUVA ACOPLAMENTO 194MM | G25: 45922 | H25: Escrituração Realizada | I25: 4 | J25: SIm | K25: SIm | N25: =C25&D25 -> 1640474540
A26: Marcilene Carvalho | B26: Marcilene Carvalho | C26: 16404745 | D26: 50 | E26: 4500618537 | F26: LUVA ACOPLAMENTO 168MM | G26: 45922 | H26: Escrituração Realizada | I26: 4 | J26: SIm | K26: SIm | N26: =C26&D26 -> 1640474550
A27: Marcilene Carvalho | B27: Marcilene Carvalho | C27: 16404745 | D27: 60 | E27: 4500620545 | F27: ELEMENTO ELASTICO E-128 VULKAN | G27: 45922 | H27: Aguardando emissão NF | I27: 4 | J27: SIm | K27: SIm | N27: =C27&D27 -> 1640474560
A28: Marcilene Carvalho | B28: Marcilene Carvalho | C28: 16404745 | D28: 70 | E28: 4500620545 | F28: ELEMENTO ELASTICO GE112 VULKAN | G28: 45922 | H28: Aguardando emissão NF | I28: 2 | J28: SIm | K28: SIm | N28: =C28&D28 -> 1640474570
A29: Marcilene Carvalho | B29: Marcilene Carvalho | C29: 16404745 | D29: 80 | E29: 4500620545 | F29: ELEMENTO ELASTICO E-148 VULKAN | G29: 45922 | H29: Aguardando emissão NF | I29: 2 | J29: SIm | K29: SIm | N29: =C29&D29 -> 1640474580
A30: Sandra Cardoso | B30: Sandra Cardoso | C30: 16404745 | D30: 90 | E30: 4500682923 | F30: ELETRODO NIVEL HASTE 3/4POL BSP DIGIMEC | G30: 45922 | H30: Aguardando emissão NF | I30: 20 | M30: Valor excessivo | N30: =C30&D30 -> 1640474590
A31: Marcilene Carvalho | B31: Marcilene Carvalho | C31: 16404745 | D31: 10 | E31: 4500620544 | F31: ROLAMENTO ESF RIG 6213ZC3 NSK | G31: 45922 | H31: Escrituração Final Realizada | I31: 6 | N31: =C31&D31 -> 1640474510
A32: Amanda Oliva | B32: Amanda Oliva | C32: 16405989 | D32: 20 | E32: 4500629184 | F32: FITA ROTULADOR 12MM 8M 1UN | G32: 45930 | H32: Escrituração Realizada | I32: 5 | J32: SIm | K32: SIm | N32: =C32&D32 -> 1640598920
A33: Gislene Rodrigues | B33: Gislene Rodrigues | C33: 16405989 | D33: 10 | E33: 4500633639 | F33: ROTULADOR ELETRON AUTOM 230DPI 7,5MM/S | G33: 45930 | H33: Escrituração Realizada | I33: 1 | J33: SIm | K33: SIm | N33: =C33&D33 -> 1640598910
A34: Edney Jean | B34: (vazio) | C34: 16407867 | D34: 50 | E34: 4500640315 | F34: VALVULA RET DUPLA FOFO WAF D200 150 | G34: 45940 | H34: Escrituração Realizada | I34: 4 | N34: =C34&D34 -> 1640786750
A35: (vazio) | B35: (vazio) | C35: 16407867 | D35: 10 | E35: (vazio) | F35: VALVULA RET DUPLA FOFO WAF D50 16BAR | G35: 45940 | H35: Requisição - Item Eliminado | I35: 10 | N35: =C35&D35 -> 1640786710
A36: (vazio) | B36: (vazio) | C36: 16407867 | D36: 20 | E36: (vazio) | F36: VALVULA RET HOR UNICA BZ BSP D2 PN16 | G36: 45940 | H36: Requisição - Item Eliminado | I36: 10 | N36: =C36&D36 -> 1640786720
A37: (vazio) | B37: (vazio) | C37: 16407867 | D37: 30 | E37: (vazio) | F37: VALVULA RET DUPLA FOFO WAF D65 16BAR | G37: 45940 | H37: Requisição - Item Concluído | I37: 2 | N37: =C37&D37 -> 1640786730
A38: (vazio) | B38: (vazio) | C38: 16407867 | D38: 40 | E38: (vazio) | F38: VALVULA RET DUPLA FOFO WAF D100 16BAR | G38: 45940 | H38: Requisição - Item Eliminado | I38: 6 | N38: =C38&D38 -> 1640786740
A39: Amanda Oliva | B39: (vazio) | C39: 16411558 | D39: 20 | E39: 4500645232 | F39: BATERIA ALCAL RECARREGAVEL 9V 250MAH | G39: 45961 | H39: Escrituração Realizada | I39: 20 | J39: SIm | K39: SIm | N39: =C39&D39 -> 1641155820
A40: Edney Jean | B40: (vazio) | C40: 16411558 | D40: 10 | E40: 4500645222 | F40: ALICATE AMPERIMETRO DIGITAL 20/200/1000A | G40: 45961 | H40: Escrituração Realizada | I40: 7 | J40: SIm | K40: SIm | N40: =C40&D40 -> 1641155810
A41: Beatriz Serafim | B41: Beatriz Serafim | C41: 16421260 | D41: 10 | E41: 4500716344 | F41: MASSA PLAST PAST CZ LT 400GR | G41: 46024 | H41: Escrituração Realizada | I41: 10 | J41: SIm | K41: SIm | N41: =C41&D41 -> 1642126010
A42: Beatriz Serafim | B42: Beatriz Serafim | C42: 16421260 | D42: 20 | E42: 4500716344 | F42: ADESIVO RESINA EPOXI 16G | G42: 46024 | H42: Escrituração Realizada | I42: 10 | J42: SIm | K42: SIm | N42: =C42&D42 -> 1642126020
A43: Edney Jean | B43: (vazio) | C43: 16425056 | D43: 10 | E43: 4500721581 | F43: FITA ISOL PR 750V 19MM ROL 20M | G43: 46045 | H43: Escrituração Realizada | I43: 150 | J43: SIm | K43: SIm | N43: =C43&D43 -> 1642505610
A44: Edney Jean | B44: (vazio) | C44: 16425056 | D44: 100 | E44: 4500737223 | F44: JG CHAVE FENDA SIMP CRUZ ISOL 1000V 7UN | G44: 46045 | H44: Escrituração Realizada | I44: 15 | J44: SIm | K44: SIm | N44: =C44&D44 -> 16425056100
A45: Edney Jean | B45: (vazio) | C45: 16425056 | D45: 20 | E45: 4500721581 | F45: FITA ISOLANTE AUTOFUSAO PT 10M 19MM | G45: 46045 | H45: Escrituração Realizada | I45: 100 | J45: SIm | K45: SIm | N45: =C45&D45 -> 1642505620
A46: Edney Jean | B46: (vazio) | C46: 16425056 | D46: 90 | E46: 4500721455 | F46: CONECTOR DERIV PERF 16-150MM2 | G46: 46045 | H46: Aguardando emissão NF | I46: 40 | J46: Aguardando | N46: =C46&D46 -> 1642505690
A47: Natasha Amancio | B47: (vazio) | C47: 16425056 | D47: 60 | E47: 4500726918 | F47: TOMADA ELETRICA 220V 32A 3P+T | G47: 46045 | H47: Escrituração Realizada | I47: 5 | J47: SIm | K47: SIm | N47: =C47&D47 -> 1642505660
A48: (vazio) | B48: (vazio) | C48: 16425056 | D48: 50 | E48: (vazio) | F48: PLUG 3P+T 63A 380/440V VM IP67 | G48: 46045 | H48: Requisição - Item Concluído | I48: 10 | N48: =C48&D48 -> 1642505650
A49: (vazio) | B49: (vazio) | C49: 16425056 | D49: 70 | E49: (vazio) | F49: PLUGUE ENERGIA PA AZ MACHO 3P+T 32A | G49: 46045 | H49: Requisição - Item Concluído | I49: 5 | N49: =C49&D49 -> 1642505670
A50: (vazio) | B50: (vazio) | C50: 16425056 | D50: 80 | E50: (vazio) | F50: CONECTOR DERIV PERF 50-240MM2 | G50: 46045 | H50: Requisição - Item Concluído | I50: 40 | N50: =C50&D50 -> 1642505680
A51: Joaz Souza | B51: Joaz Souza | C51: 16425056 | D51: 40 | E51: 4500779915 | F51: ROLAMENTO ESF RIG 6209 ZZ C3 SKF | G51: 46045 | H51: Aguardando emissão NF | I51: 15 | L51: Sim | M51: Sem retorno do comprador | N51: =C51&D51 -> 1642505640
A52: Joaz Souza | B52: Joaz Souza | C52: 16425056 | D52: 30 | E52: 4500779915 | F52: ROLAMENTO ESF RIG 6309-2Z/C3 SKF | G52: 46045 | H52: Aguardando emissão NF | I52: 15 | L52: Sim | M52: Sem retorno do comprador | N52: =C52&D52 -> 1642505630
A53: Joaz Souza | B53: Joaz Souza | C53: 16426739 | D53: 10 | E53: 4500778966 | F53: ROLAMENTO ESF RIG 6202-2ZC3 SKF | G53: 46056 | H53: Aguardando emissão NF | I53: 4 | J53: Sim | K53: não | L53: Sim | M53: Sem retorno do comprador | N53: =C53&D53 -> 1642673910
A54: Joaz Souza | B54: Joaz Souza | C54: 16426739 | D54: 20 | E54: 4500778966 | F54: ROLAMENTO ESF RIG 6203Z SKF | G54: 46056 | H54: Aguardando emissão NF | I54: 4 | J54: Sim | K54: não | L54: Sim | M54: Sem retorno do comprador | N54: =C54&D54 -> 1642673920
A55: Joaz Souza | B55: Joaz Souza | C55: 16426739 | D55: 30 | E55: 4500778966 | F55: ROLAMENTO ESF RIG 6204-2Z SKF | G55: 46056 | H55: Aguardando emissão NF | I55: 4 | J55: Sim | K55: não | L55: Sim | M55: Sem retorno do comprador | N55: =C55&D55 -> 1642673930
A56: Joaz Souza | B56: Joaz Souza | C56: 16426739 | D56: 50 | E56: 4500778966 | F56: ROLAMENTO ESF RIG 6206 SKF | G56: 46056 | H56: Aguardando emissão NF | I56: 5 | J56: Sim | K56: não | L56: Sim | M56: Sem retorno do comprador | N56: =C56&D56 -> 1642673950
A57: Joaz Souza | B57: Joaz Souza | C57: 16426739 | D57: 60 | E57: 4500778966 | F57: ROLAMENTO ESF RIG 6207-2Z/C3 SKF | G57: 46056 | H57: Aguardando emissão NF | I57: 5 | J57: Sim | K57: não | L57: Sim | M57: Sem retorno do comprador | N57: =C57&D57 -> 1642673960
A58: Edney Jean | B58: (vazio) | C58: 16426739 | D58: 210 | E58: 4500738264 | F58: LUVA PROT TERMICA AGENTES MEC 10/GG | G58: 46056 | H58: Aguardando emissão NF | I58: 20 | J58: Sim | K58: não | N58: =C58&D58 -> 16426739210
A59: Edney Jean | B59: (vazio) | C59: 16426739 | D59: 220 | E59: 4500738264 | F59: LUVA PROT TERMICA AGENTES MEC 9/G | G59: 46056 | H59: Aguardando emissão NF | I59: 20 | J59: Sim | K59: não | N59: =C59&D59 -> 16426739220
A60: Edney Jean | B60: (vazio) | C60: 16426739 | D60: 290 | E60: 4500737679 | F60: DISCO CORTE S/REV 115MM 22,22MM 1MM META | G60: 46056 | H60: Aguardando emissão NF | I60: 50 | N60: =C60&D60 -> 16426739290
A61: Joaz Souza | B61: Joaz Souza | C61: 16426739 | D61: 130 | E61: 4500778966 | F61: ROLAMENTO ESF RIG 6208-2Z SKF | G61: 46056 | H61: Aguardando emissão NF | I61: 10 | J61: Sim | K61: não | L61: Sim | M61: Sem retorno do comprador | N61: =C61&D61 -> 16426739130
A62: Joaz Souza | B62: Joaz Souza | C62: 16426739 | D62: 70 | E62: 4500778966 | F62: ROLAMENTO ESF RIG 6211ZC3 SKF | G62: 46056 | H62: Aguardando emissão NF | I62: 8 | L62: Sim | M62: Sem retorno do comprador | N62: =C62&D62 -> 1642673970
A63: Joaz Souza | B63: Joaz Souza | C63: 16426739 | D63: 140 | E63: 4500778966 | F63: ROLAMENTO ESF RIG 6212C3 SKF | G63: 46056 | H63: Aguardando emissão NF | I63: 4 | L63: Sim | M63: Sem retorno do comprador | N63: =C63&D63 -> 16426739140
A64: Joaz Souza | B64: Joaz Souza | C64: 16426739 | D64: 80 | E64: 4500778966 | F64: ROLAMENTO ESF RIG 6307-2Z SKF | G64: 46056 | H64: Aguardando emissão NF | I64: 10 | L64: Sim | M64: Sem retorno do comprador | N64: =C64&D64 -> 1642673980
A65: Joaz Souza | B65: Joaz Souza | C65: 16426739 | D65: 90 | E65: 4500778966 | F65: ROLAMENTO ESF RIG 6310-2Z/C3 SKF | G65: 46056 | H65: Aguardando emissão NF | I65: 4 | J65: Sim | K65: não | L65: Sim | M65: Sem retorno do comprador | N65: =C65&D65 -> 1642673990
A66: Joaz Souza | B66: Joaz Souza | C66: 16426739 | D66: 100 | E66: 4500778966 | F66: ROLAMENTO ESF RIG 6311ZZC3 FAG | G66: 46056 | H66: Aguardando emissão NF | I66: 4 | J66: Sim | K66: não | L66: Sim | M66: Sem retorno do comprador | N66: =C66&D66 -> 16426739100
A67: Luciara Oliveira | B67: Luciara Oliveira | C67: 16426739 | D67: 310 | E67: 4500748195 | F67: CHAVE COMBINADA 15º-10º 34MM | G67: 46056 | H67: Aguardando emissão NF | I67: 3 | J67: Sim | K67: não | N67: =C67&D67 -> 16426739310
A68: Victor L. Lopes | B68: Victor L. Lopes | C68: 16426739 | D68: 150 | E68: 4500779259 | F68: LUVA SEG PA PT TAM G | G68: 46056 | H68: Aguardando emissão NF | I68: 15 | L68: Sim | M68: Hoje, dia 27.4, o comprador cobrou o fornecedor, pedido já tem NF | N68: =C68&D68 -> 16426739150
A69: Victor L. Lopes | B69: Victor L. Lopes | C69: 16426739 | D69: 160 | E69: 4500779259 | F69: LUVA SEG PA PT TAM GG | G69: 46056 | H69: Aguardando emissão NF | I69: 15 | L69: Sim | M69: Hoje, dia 27.4, o comprador cobrou o fornecedor, pedido já tem NF | N69: =C69&D69 -> 16426739160
A70: Victor L. Lopes | B70: Victor L. Lopes | C70: 16426739 | D70: 170 | E70: 4500779259 | F70: LUVA SEG PA PT TAM M PT QUIM MEC | G70: 46056 | H70: Aguardando emissão NF | I70: 10 | L70: Sim | M70: Hoje, dia 27.4, o comprador cobrou o fornecedor, pedido já tem NF | N70: =C70&D70 -> 16426739170
A71: Victor L. Lopes | B71: Victor L. Lopes | C71: 16426739 | D71: 180 | E71: 4500779259 | F71: LUVA SEG PA PT TAM XG | G71: 46056 | H71: Aguardando emissão NF | I71: 15 | L71: Sim | M71: Hoje, dia 27.4, o comprador cobrou o fornecedor, pedido já tem NF | N71: =C71&D71 -> 16426739180
A72: Victor L. Lopes | B72: Victor L. Lopes | C72: 16426739 | D72: 190 | E72: 4500779259 | F72: LUVA SEG PA PT TAM XXG | G72: 46056 | H72: Aguardando emissão NF | I72: 10 | J72: Não | K72: Não | L72: Sim | M72: O fabricante não fabrica este tamanho | N72: =C72&D72 -> 16426739190
A73: Victor L. Lopes | B73: Victor L. Lopes | C73: 16426739 | D73: 200 | E73: 4500779259 | F73: LUVA PROT TERMICA AGENTES MEC 11/XG | G73: 46056 | H73: Aguardando emissão NF | I73: 20 | N73: =C73&D73 -> 16426739200
A74: (vazio) | B74: Joaz Souza | C74: 16426739 | D74: 230 | E74: (vazio) | F74: SELO MECANICO TS-P 1.1/4POL | G74: 46056 | H74: Cotação - em Negociação | I74: 10 | J74: SIm | N74: =C74&D74 -> 16426739230
A75: (vazio) | B75: Joaz Souza | C75: 16426739 | D75: 240 | E75: (vazio) | F75: SELO MECANICO TS-P 1.3/4POL | G75: 46056 | H75: Cotação - em Negociação | I75: 10 | J75: SIm | N75: =C75&D75 -> 16426739240
A76: (vazio) | B76: Joaz Souza | C76: 16426739 | D76: 250 | E76: (vazio) | F76: SELO MECANICO 21 D1.3/8 | G76: 46056 | H76: Cotação - em Negociação | I76: 7 | J76: SIm | N76: =C76&D76 -> 16426739250
A77: (vazio) | B77: Joaz Souza | C77: 16426739 | D77: 260 | E77: (vazio) | F77: SELO MECANICO TS-P 3/4POL | G77: 46056 | H77: Cotação - em Negociação | I77: 5 | J77: SIm | N77: =C77&D77 -> 16426739260
A78: Edson Sanchez | B78: Edson Sanchez | C78: 16426739 | D78: 280 | E78: 4500783774 | F78: CABO ELET PP 450/750V4 X 25MM2 PT | G78: 46056 | H78: Aguardando emissão NF | I78: 100 | N78: =C78&D78 -> 16426739280
A79: Edson Sanchez | B79: Edson Sanchez | C79: 16426739 | D79: 300 | E79: 4500783774 | F79: CABO ELET PP 450 / 750 V 4 X 6MM2 | G79: 46056 | H79: Aguardando emissão NF | I79: 100 | N79: =C79&D79 -> 16426739300
A80: Joaz Souza | B80: Joaz Souza | C80: 16426739 | D80: 110 | E80: 4500778966 | F80: ROLAMENTO ESF RIG 6314 Z C3 | G80: 46056 | H80: Aguardando emissão NF | I80: 4 | J80: Sim | K80: não | L80: Sim | M80: Sem retorno do comprador | N80: =C80&D80 -> 16426739110
A81: André Queiroz | B81: André Queiroz | C81: 16428381 | D81: 10 | E81: 4500750655 | F81: MARCADOR IND 2MM AMARELA TB 60ML | G81: 46063 | H81: Escrituração Realizada | I81: 3 | J81: SIm | K81: SIm | N81: =C81&D81 -> 1642838110
A82: Edney Jean | B82: (vazio) | C82: 16428381 | D82: 20 | E82: 4500740122 | F82: RELE TEMPORIZADO TENSAO ALIMENTACAO 100 | G82: 46063 | H82: Aguardando emissão NF | I82: 3 | N82: =C82&D82 -> 1642838120
A83: Edney Jean | B83: (vazio) | C83: 16428381 | D83: 50 | E83: 4500737715 | F83: RELE NIVEL INF SUP 220/380V 50/60HZ IP20 | G83: 46063 | H83: Escrituração Realizada | I83: 15 | J83: SIm | K83: SIm | N83: =C83&D83 -> 1642838150
A84: Luciara Oliveira | B84: Luciara Oliveira | C84: 16428381 | D84: 30 | E84: 4500748185 | F84: GRAVADOR METAL ELETR 7100RPM 10W 127V | G84: 46063 | H84: Escrituração Realizada | I84: 2 | J84: SIm | K84: SIm | N84: =C84&D84 -> 1642838130
A85: (vazio) | B85: Edson Sanchez | C85: 16428381 | D85: 40 | E85: (vazio) | F85: RELE NIVEL 220V CA 5A 60HZ 250V | G85: 46063 | H85: Requisição - Item Concluído | I85: 15 | N85: =C85&D85 -> 1642838140
A86: André Queiroz | B86: André Queiroz | C86: 16430051 | D86: 10 | E86: 4500751393 | F86: MASSA PLAST PAST CZ LT 400GR | G86: 46073 | H86: Escrituração Realizada | I86: 10 | N86: =C86&D86 -> 1643005110
A87: André Queiroz | B87: André Queiroz | C87: 16430051 | D87: 20 | E87: 4500751385 | F87: ADESIVO RESINA EPOXI 16G | G87: 46073 | H87: Escrituração Realizada | I87: 10 | N87: =C87&D87 -> 1643005120
A88: Edney Jean | B88: (vazio) | C88: 16429923 | D88: 10 | E88: 4500760393 | F88: PARAFUSADEIRA FURADEIRA 110/220V | G88: 46073 | H88: Aguardando emissão NF | I88: 1 | N88: =C88&D88 -> 1642992310
A89: Edney Jean | B89: (vazio) | C89: 16429989 | D89: 10 | E89: 4500760506 | F89: DISJUNTOR MINI 3P 400VCA 32A | G89: 46073 | H89: Aguardando emissão NF | I89: 10 | N89: =C89&D89 -> 1642998910
A90: Edney Jean | B90: (vazio) | C90: 16429989 | D90: 110 | E90: 4500760504 | F90: FUSIVEL NH00 LAMINA 500V 160A | G90: 46073 | H90: Aguardando emissão NF | I90: 10 | N90: =C90&D90 -> 16429989110
A91: Edney Jean | B91: (vazio) | C91: 16429989 | D91: 130 | E91: 4500760489 | F91: DISJUNTOR MINI 3P 220/380VCA 80A | G91: 46073 | H91: Aguardando emissão NF | I91: 10 | N91: =C91&D91 -> 16429989130
A92: Edney Jean | B92: (vazio) | C92: 16429989 | D92: 140 | E92: 4500760680 | F92: DISJUNTOR TM 3P 400VCA 20A | G92: 46073 | H92: Aguardando emissão NF | I92: 10 | N92: =C92&D92 -> 16429989140
A93: Edney Jean | B93: (vazio) | C93: 16429989 | D93: 150 | E93: 4500760494 | F93: DISJUNTOR MINI 3P 400VCA 25A | G93: 46073 | H93: Aguardando emissão NF | I93: 10 | N93: =C93&D93 -> 16429989150
A94: Edney Jean | B94: (vazio) | C94: 16429989 | D94: 40 | E94: 4500760680 | F94: DISJUNTOR MINI 3P 400VCA 70A | G94: 46073 | H94: Aguardando emissão NF | I94: 15 | J94: Sim | K94: não | N94: =C94&D94 -> 1642998940
A95: Edney Jean | B95: (vazio) | C95: 16429989 | D95: 90 | E95: 4500760680 | F95: FUSIVEL NH LAMINA 500V 80A | G95: 46073 | H95: Aguardando emissão NF | I95: 10 | N95: =C95&D95 -> 1642998990
A96: Joaz Souza | B96: Joaz Souza | C96: 16429923 | D96: 20 | E96: 4500771313 | F96: PARAFUSADEIRA ELETR IMPAC A BATERIA 40V | G96: 46073 | H96: Aguardando emissão NF | I96: 1 | N96: =C96&D96 -> 1642992320
A97: Joaz Souza | B97: Joaz Souza | C97: 16429923 | D97: 40 | E97: 4500771313 | F97: KIT FERRAM BITS/SOQUETES 43PCS | G97: 46073 | H97: Aguardando emissão NF | I97: 2 | N97: =C97&D97 -> 1642992340
A98: Victor L. Lopes | B98: Victor L. Lopes | C98: 16430051 | D98: 30 | E98: 4500792326 | F98: RELE TEMP RETARDO ENERGIZ 0,5A30MIN 110V | G98: 46073 | H98: Aguardando emissão NF | I98: 15 | N98: =C98&D98 -> 1643005130
A99: (vazio) | B99: Edson Sanchez | C99: 16429989 | D99: 100 | E99: (vazio) | F99: FUSIVEL NH LAMINA 500V 100A | G99: 46073 | H99: Cotação - em Negociação | I99: 10 | N99: =C99&D99 -> 16429989100
A100: (vazio) | B100: Edson Sanchez | C100: 16429989 | D100: 30 | E100: (vazio) | F100: DISJUNTOR MINI 3P 400VCA 40A | G100: 46073 | H100: Cotação - em Negociação | I100: 10 | N100: =C100&D100 -> 1642998930
...

Sheet Pedidos projetos
A1: Comprador Cotação | B1: Requisicao | C1: Item RC | D1: Pedido | E1: Descrição Material | F1: Dt Criação RC | G1: Status Geral | H1: Qtde RC | I1: Chegou? | J1: Foi Retirado? | K1: Cobrado via Email? | L1: Obs: | M1: Chave
A2: Sandra Cardoso | B2: 16408698 | C2: 10 | D2: 4500678166 | E2: BATERIA ALCALINA 2700MAH 4,5V | F2: 45945 | G2: Aguardando emissão NF | H2: 30

Sheet Dash
A1: Rótulos de Linha | B1: Comprador Cotação | C1: Requisicao | D1: Item RC | E1: Pedido | F1: Descrição Material | G1: Dt Criação RC | H1: Status Geral | I1: Qtde RC | J1: Chegou? | K1: Foi Retirado? | L1: Cobrado via Email? | M1: Obs:
A2: Amanda Oliva | B2: Amanda Oliva | C2: 16405989 | D2: 20 | E2: 4500629184 | F2: FITA ROTULADOR 12MM 8M 1UN | G2: 45930 | H2: Escrituração Realizada | I2: 5 | J2: SIm | K2: SIm
A3: Amanda Oliva | B3: (vazio) | C3: 16411558 | D3: 20 | E3: 4500645232 | F3: BATERIA ALCAL RECARREGAVEL 9V 250MAH | G3: 45961 | H3: Escrituração Realizada | I3: 20 | J3: SIm | K3: SIm
A4: Amanda Oliva | B4: (vazio) | C4: 16438863 | D4: 40 | E4: 4500814863 | F4: GARRAFA TERMICA 5L | G4: 46122 | H4: Escrituração Realizada | I4: 10
A5: André Queiroz | B5: André Queiroz | C5: 16428381 | D5: 10 | E5: 4500750655 | F5: MARCADOR IND 2MM AMARELA TB 60ML | G5: 46063 | H5: Escrituração Realizada | I5: 3 | J5: SIm | K5: SIm
A6: André Queiroz | B6: André Queiroz | C6: 16430051 | D6: 10 | E6: 4500751393 | F6: MASSA PLAST PAST CZ LT 400GR | G6: 46073 | H6: Escrituração Realizada | I6: 10
A7: André Queiroz | B7: André Queiroz | C7: 16430051 | D7: 20 | E7: 4500751385 | F7: ADESIVO RESINA EPOXI 16G | G7: 46073 | H7: Escrituração Realizada | I7: 10
A8: André Queiroz | B8: André Queiroz | C8: 16444659 | D8: 10 | E8: 4500856471 | F8: TORQUIMETRO ESTALO 3/8POL 10-60NM | G8: 46150 | H8: Aguardando emissão NF | I8: 2
A9: André Queiroz | B9: André Queiroz | C9: 16444659 | D9: 20 | E9: 4500856471 | F9: TORQUIMETRO ESTALO 1/2POL 10-60NM | G9: 46150 | H9: Aguardando emissão NF | I9: 2 | J9: SIm | K9: SIm
A10: Beatriz Serafim | B10: Beatriz Serafim | C10: 16421260 | D10: 10 | E10: 4500716344 | F10: MASSA PLAST PAST CZ LT 400GR | G10: 46024 | H10: Escrituração Realizada | I10: 10
A11: Beatriz Serafim | B11: Beatriz Serafim | C11: 16421260 | D11: 20 | E11: 4500716344 | F11: ADESIVO RESINA EPOXI 16G | G11: 46024 | H11: Escrituração Realizada | I11: 10
A12: Beatriz Serafim | B12: Beatriz Serafim | C12: 16432794 | D12: 60 | E12: 4500782412 | F12: LENCOL BORR PT 2MM | G12: 46090 | H12: Escrituração Realizada | I12: 2 | J12: SIm | K12: SIm
A13: Beatriz Serafim | B13: Beatriz Serafim | C13: 16432794 | D13: 70 | E13: 4500782408 | F13: LENCOL BORR PT 3MM | G13: 46090 | H13: Aguardando emissão NF | I13: 5
A14: Beatriz Serafim | B14: Beatriz Serafim | C14: 16432794 | D14: 80 | E14: 4500782412 | F14: LENCOL BORR PT 4MM | G14: 46090 | H14: Escrituração Realizada | I14: 5
A15: Beatriz Serafim | B15: Beatriz Serafim | C15: 16442320 | D15: 10 | E15: 4500827969 | F15: COLA MULTIUSO SPRAY 330G | G15: 46141 | H15: Escrituração Realizada | I15: 16
A16: Edney Jean | B16: (vazio) | C16: 16401860 | D16: 30 | E16: 4500594849 | F16: ELETRODO PENDULO PO POLIPROPILENO H | G16: 45904 | H16: Escrituração Realizada | I16: 30
A17: Edney Jean | B17: (vazio) | C17: 16404745 | D17: 150 | E17: 4500612934 | F17: CABO ELET FLEX 750V 1MM2 PT | G17: 45922 | H17: Escrituração Realizada | I17: 600
A18: Edney Jean | B18: (vazio) | C18: 16404745 | D18: 160 | E18: 4500612934 | F18: CABO ELET FLEX 750V 1MM2 CZ | G18: 45922 | H18: Escrituração Realizada | I18: 600
A19: Edney Jean | B19: (vazio) | C19: 16407867 | D19: 50 | E19: 4500640315 | F19: VALVULA RET DUPLA FOFO WAF D200 150 | G19: 45940 | H19: Escrituração Realizada | I19: 4
A20: Edney Jean | B20: (vazio) | C20: 16411558 | D20: 10 | E20: 4500645222 | F20: ALICATE AMPERIMETRO DIGITAL 20/200/1000A | G20: 45961 | H20: Escrituração Realizada | I20: 7
A21: Edney Jean | B21: (vazio) | C21: 16425056 | D21: 10 | E21: 4500721581 | F21: FITA ISOL PR 750V 19MM ROL 20M | G21: 46045 | H21: Escrituração Realizada | I21: 150
A22: Edney Jean | B22: (vazio) | C22: 16425056 | D22: 100 | E22: 4500737223 | F22: JG CHAVE FENDA SIMP CRUZ ISOL 1000V 7UN | G22: 46045 | H22: Escrituração Realizada | I22: 15
A23: Edney Jean | B23: (vazio) | C23: 16425056 | D23: 20 | E23: 4500721581 | F23: FITA ISOLANTE AUTOFUSAO PT 10M 19MM | G23: 46045 | H23: Escrituração Realizada | I23: 100
A24: Edney Jean | B24: (vazio) | C24: 16425056 | D24: 90 | E24: 4500721455 | F24: CONECTOR DERIV PERF 16-150MM2 | G24: 46045 | H24: Aguardando emissão NF | I24: 40
A25: Edney Jean | B25: (vazio) | C25: 16426739 | D25: 210 | E25: 4500738264 | F25: LUVA PROT TERMICA AGENTES MEC 10/GG | G25: 46056 | H25: Escrituração Realizada | I25: 20 | J25: SIm
A26: Edney Jean | B26: (vazio) | C26: 16426739 | D26: 220 | E26: 4500738264 | F26: LUVA PROT TERMICA AGENTES MEC 9/G | G26: 46056 | H26: Escrituração Realizada | I26: 20
A27: Edney Jean | B27: (vazio) | C27: 16426739 | D27: 290 | E27: 4500737679 | F27: DISCO CORTE S/REV 115MM 22,22MM 1MM META | G27: 46056 | H27: Aguardando emissão NF | I27: 50
A28: Edney Jean | B28: (vazio) | C28: 16428381 | D28: 20 | E28: 4500740122 | F28: RELE TEMPORIZADO TENSAO ALIMENTACAO 100 | G28: 46063 | H28: Aguardando emissão NF | I28: 3
A29: Edney Jean | B29: (vazio) | C29: 16428381 | D29: 50 | E29: 4500737715 | F29: RELE NIVEL INF SUP 220/380V 50/60HZ IP20 | G29: 46063 | H29: Escrituração Realizada | I29: 15
A30: Edney Jean | B30: (vazio) | C30: 16429923 | D30: 10 | E30: 4500760393 | F30: PARAFUSADEIRA FURADEIRA 110/220V | G30: 46073 | H30: Aguardando emissão NF | I30: 1
A31: Edney Jean | B31: (vazio) | C31: 16429989 | D31: 10 | E31: 4500760506 | F31: DISJUNTOR MINI 3P 400VCA 32A | G31: 46073 | H31: Escrituração Realizada | I31: 10
A32: Edney Jean | B32: (vazio) | C32: 16429989 | D32: 110 | E32: 4500760504 | F32: FUSIVEL NH00 LAMINA 500V 160A | G32: 46073 | H32: Aguardando emissão NF | I32: 10
A33: Edney Jean | B33: (vazio) | C33: 16429989 | D33: 130 | E33: 4500760489 | F33: DISJUNTOR MINI 3P 220/380VCA 80A | G33: 46073 | H33: Escrituração Realizada | I33: 10
A34: Edney Jean | B34: (vazio) | C34: 16429989 | D34: 140 | E34: 4500760680 | F34: DISJUNTOR TM 3P 400VCA 20A | G34: 46073 | H34: Escrituração Realizada | I34: 10
A35: Edney Jean | B35: (vazio) | C35: 16429989 | D35: 150 | E35: 4500760494 | F35: DISJUNTOR MINI 3P 400VCA 25A | G35: 46073 | H35: Escrituração Realizada | I35: 10
A36: Edney Jean | B36: (vazio) | C36: 16429989 | D36: 40 | E36: 4500760680 | F36: DISJUNTOR MINI 3P 400VCA 70A | G36: 46073 | H36: Escrituração Realizada | I36: 15
A37: Edney Jean | B37: (vazio) | C37: 16429989 | D37: 90 | E37: 4500760680 | F37: FUSIVEL NH LAMINA 500V 80A | G37: 46073 | H37: Escrituração Realizada | I37: 10
... A44: Edney Jean | B44: (vazio) | C44: 16438836 | D44: 120 | E44: 4500814598 | F44: FUSIVEL ULTRA-RAPIDO SITOR 40A 690V | G44: 46122 | H44: Aguardando emissão NF | I44: 21
A45: Edney Jean | B45: (vazio) | C45: 16438836 | D45: 130 | E45: 4500814598 | F45: FUSIVEL ULTRA-RAPIDO SITOR 63A 690V | G45: 46122 | H45: Aguardando emissão NF | I45: 21 | J45: SIm
A46: Edney Jean | B46: (vazio) | C46: 16438836 | D46: 20 | E46: 4500814666 | F46: FUSIVEL ULTRA-RAPIDO 100A 690V 00 | G46: 46122 | H46: Aguardando emissão NF | I46: 27 | J46: SIm
A47: Edney Jean | B47: (vazio) | C47: 16438836 | D47: 50 | E47: 4500814667 | F47: FUSIVEL ULTRA-RAPIDO 350A 690V | G47: 46122 | H47: Aguardando emissão NF | I47: 21
A48: Edney Jean | B48: (vazio) | C48: 16438836 | D48: 80 | E48: 4500814666 | F48: FUSIVEL ULTRA-RAPIDO 80A 690V 000 | G48: 46122 | H48: Aguardando emissão NF | I48: 27
A49: Edney Jean | B49: (vazio) | C49: 16442320 | D49: 20 | E49: 4500814842 | F49: CHAVE COMBINADA JG 15PC 6-32MM | G49: 46141 | H49: Escrituração Realizada | I49: 10
A50: Gislene Rodrigues | B50: Gislene Rodrigues | C50: 16405989 | D50: 10 | E50: 4500633639 | F50: ROTULADOR ELETRON AUTOM 230DPI 7,5MM/S | G50: 45930 | H50: Escrituração Realizada | I50: 1
A51: Joaz Souza | B51: Joaz Souza | C51: 16425056 | D51: 30 | E51: 4500779915 | F51: ROLAMENTO ESF RIG 6309-2Z/C3 SKF | G51: 46045 | H51: Escrituração Realizada | I51: 15
A52: Joaz Souza | B52: Joaz Souza | C52: 16425056 | D52: 40 | E52: 4500779915 | F52: ROLAMENTO ESF RIG 6209 ZZ C3 SKF | G52: 46045 | H52: Escrituração Realizada | I52: 15
A53: Joaz Souza | B53: Joaz Souza | C53: 16426739 | D53: 10 | E53: 4500778966 | F53: ROLAMENTO ESF RIG 6202-2ZC3 SKF | G53: 46056 | H53: Escrituração Realizada | I53: 4 | J53: SIm
A54: Joaz Souza | B54: Joaz Souza | C54: 16426739 | D54: 100 | E54: 4500778966 | F54: ROLAMENTO ESF RIG 6311ZZC3 FAG | G54: 46056 | H54: Escrituração Realizada | I54: 4 | J54: SIm
A55: Joaz Souza | B55: Joaz Souza | C55: 16426739 | D55: 110 | E55: 4500778966 | F55: ROLAMENTO ESF RIG 6314 Z C3 | G55: 46056 | H55: Escrituração Realizada | I55: 4 | J55: SIm
A56: Joaz Souza | B56: Joaz Souza | C56: 16426739 | D56: 130 | E56: 4500778966 | F56: ROLAMENTO ESF RIG 6208-2Z SKF | G56: 46056 | H56: Escrituração Realizada | I56: 10 | J56: SIm
A57: Joaz Souza | B57: Joaz Souza | C57: 16426739 | D57: 140 | E57: 4500778966 | F57: ROLAMENTO ESF RIG 6212C3 SKF | G57: 46056 | H57: Escrituração Realizada | I57: 4 | J57: SIm
A58: Joaz Souza | B58: Joaz Souza | C58: 16426739 | D58: 20 | E58: 4500778966 | F58: ROLAMENTO ESF RIG 6203Z SKF | G58: 46056 | H58: Escrituração Realizada | I58: 4 | J58: SIm
A59: Joaz Souza | B59: Joaz Souza | C59: 16426739 | D59: 230 | E59: 4500804285 | F59: SELO MECANICO TS-P 1.1/4POL | G59: 46056 | H59: Escrituração Realizada | I59: 10 | J59: SIm
A60: Joaz Souza | B60: Joaz Souza | C60: 16426739 | D60: 240 | E60: 4500804285 | F60: SELO MECANICO TS-P 1.3/4POL | G60: 46056 | H60: Escrituração Realizada | I60: 10 | J60: SIm
A61: Joaz Souza | B61: Joaz Souza | C61: 16426739 | D61: 250 | E61: 4500804285 | F61: SELO MECANICO 21 D1.3/8 | G61: 46056 | H61: Escrituração Realizada | I61: 7
A62: Joaz Souza | B62: Joaz Souza | C62: 16426739 | D62: 260 | E62: 4500804285 | F62: SELO MECANICO TS-P 3/4POL | G62: 46056 | H62: Escrituração Realizada | I62: 5
A63: Joaz Souza | B63: Joaz Souza | C63: 16426739 | D63: 30 | E63: 4500778966 | F63: ROLAMENTO ESF RIG 6204-2Z SKF | G63: 46056 | H63: Escrituração Realizada | I63: 4
A64: Joaz Souza | B64: Joaz Souza | C64: 16426739 | D64: 50 | E64: 4500778966 | F64: ROLAMENTO ESF RIG 6206 SKF | G64: 46056 | H64: Escrituração Realizada | I64: 5
A65: Joaz Souza | B65: Joaz Souza | C65: 16426739 | D65: 60 | E65: 4500778966 | F65: ROLAMENTO ESF RIG 6207-2Z/C3 SKF | G65: 46056 | H65: Escrituração Realizada | I65: 5
A66: Joaz Souza | B66: Joaz Souza | C66: 16426739 | D66: 70 | E66: 4500778966 | F66: ROLAMENTO ESF RIG 6211ZC3 SKF | G66: 46056 | H66: Aguardando emissão NF | I66: 8
A67: Joaz Souza | B67: Joaz Souza | C67: 16426739 | D67: 80 | E67: 4500778966 | F67: ROLAMENTO ESF RIG 6307-2Z SKF | G67: 46056 | H67: Escrituração Realizada | I67: 10
A68: Joaz Souza | B68: Joaz Souza | C68: 16426739 | D68: 90 | E68: 4500778966 | F68: ROLAMENTO ESF RIG 6310-2Z/C3 SKF | G68: 46056 | H68: Escrituração Realizada | I68: 4
A69: Joaz Souza | B69: Joaz Souza | C69: 16429923 | D69: 20 | E69: 4500771313 | F69: PARAFUSADEIRA ELETR IMPAC A BATERIA 40V | G69: 46073 | H69: Aguardando emissão NF | I69: 1
A70: Joaz Souza | B70: Joaz Souza | C70: 16429923 | D70: 40 | E70: 4500771313 | F70: KIT FERRAM BITS/SOQUETES 43PCS | G70: 46073 | H70: Aguardando emissão NF | I70: 2
A71: Joaz Souza | B71: Joaz Souza | C71: 16429989 | D71: 160 | E71: 4500805703 | F71: SELO MECANICO TS-P 1.1/4POL | G71: 46073 | H71: Escrituração Realizada | I71: 20
A72: Joaz Souza | B72: Joaz Souza | C72: 16429989 | D72: 170 | E72: 4500805703 | F72: SELO MECANICO TS-P 1.3/4POL | G72: 46073 | H72: Escrituração Realizada | I72: 20
... A119: Victor L. Lopes | B119: Victor L. Lopes | C119: 16440116 | D119: 640 | E119: 4500842888 | F119: CALCA MANUT OPER BRIM CED RIP ST AZM GG | G119: 46129 | H119: PC - em Aprovação | I119: 18
A120: (vazio) | B120: Edson Sanchez | C120: 16428381 | D120: 40 | E120: (vazio) | F120: RELE NIVEL 220V CA 5A 60HZ 250V | G120: 46063 | H120: Requisição - Item Concluído | I120: 15 | J120: Sim | K120: Sim
A121: (vazio) | B121: Edson Sanchez | C121: 16438863 | D121: 50 | E121: (vazio) | F121: PLUG 3P+T 63A 380/440V VM IP67 | G121: 46122 | H121: Cotação - em Negociação | I121: 10
A122: (vazio) | B122: Edson Sanchez | C122: 16438863 | D122: 60 | E122: (vazio) | F122: PLUGUE ENERGIA PA AZ MACHO 3P+T 32A | G122: 46122 | H122: Cotação - em Negociação | I122: 10
A123: (vazio) | B123: Edson Sanchez | C123: 16438836 | D123: 150 | E123: (vazio) | F123: FUSIVEL NH01 ULTRA-RAPIDO 690V 63A AR | G123: 46122 | H123: Cotação - em Negociação | I123: 21
A124: (vazio) | B124: Edson Sanchez | C124: 16438836 | D124: 160 | E124: (vazio) | F124: FUSIVEL NH02 ULTRA-RAPIDO 690V 250A AR | G124: 46122 | H124: Cotação - em Negociação | I124: 21
A125: (vazio) | B125: Edson Sanchez | C125: 16438836 | D125: 30 | E125: (vazio) | F125: FUSIVEL ULTRA-RAPIDO 125A 690V 00 | G125: 46122 | H125: Cotação - em Negociação | I125: 27
A126: (vazio) | B126: Edson Sanchez | C126: 16438836 | D126: 40 | E126: (vazio) | F126: FUSIVEL ULTRA-RAPIDO 160A 100KVA | G126: 46122 | H126: Cotação - em Negociação | I126: 21
A127: (vazio) | B127: Edson Sanchez | C127: 16438836 | D127: 60 | E127: (vazio) | F127: FUSIVEL ULTRA-RAPIDO 35A 690V 000 | G127: 46122 | H127: Cotação - em Negociação | I127: 27
A128: (vazio) | B128: Edson Sanchez | C128: 16438836 | D128: 90 | E128: (vazio) | F128: FUSIVEL ULTRA-RAPIDO NH-1 160A 690V | G128: 46122 | H128: Cotação - em Negociação | I128: 21
A129: (vazio) | B129: Edson Sanchez | C129: 16437339 | D129: 20 | E129: (vazio) | F129: CABO COB PP 1KV 4X16MM2 PT | G129: 46113 | H129: Cotação - em Negociação | I129: 100
A130: (vazio) | B130: Edson Sanchez | C130: 16437339 | D130: 30 | E130: (vazio) | F130: CABO COB PP 1KV 4X4MM2 PT | G130: 46113 | H130: Cotação - em Negociação | I130: 100
A131: (vazio) | B131: Edson Sanchez | C131: 16437339 | D131: 40 | E131: (vazio) | F131: CABO COB PP 750V4X10MM2 PT | G131: 46113 | H131: Cotação - em Negociação | I131: 200
A132: (vazio) | B132: Jocilene Ramos | C132: 16451870 | D132: 80 | E132: (vazio) | F132: DESENGRIPANTE LIQ AM SPR 300ML | G132: 46190 | H132: Cotação - em Negociação | I132: 10
... A150: (vazio) | B150: (vazio) | C150: 16440116 | D150: 750 | E150: (vazio) | F150: CAMISA UNIF TERM/OP UNIS PES AZ ML XXXG | G150: 46129 | H150: Cotação a agregar | I150: 11
A151: (vazio) | B151: (vazio) | C151: (vazio) | D151: (vazio) | E151: (vazio) | F151: (vazio) | G151: (vazio) | H151: (vazio) | I151: (vazio)
A152: (vazio) | B152: (vazio) | C152: 16447769 | D152: 10 | E152: (vazio) | F152: BUCHA REDUCAO GALV 2.1/2X2 | G152: 46168 | H152: Cotação a agregar | I152: 10
A153: (vazio) | B153: (vazio) | C153: 16451870 | D153: 20 | E153: (vazio) | F153: GAXETA PTFE QUAD GRAF 9/16POL | G153: 46190 | H153: Cotação a agregar | I153: 3
A154: (vazio) | B154: (vazio) | C154: 16451870 | D154: 50 | E154: (vazio) | F154: GAXETA PTFE QUAD LUBRIF 3/4POL | G154: 46190 | H154: Cotação a agregar | I154: 3
A155: (vazio) | B155: (vazio) | C155: 16451870 | D155: 60 | E155: (vazio) | F155: GAXETA PTFE QUAD GRAF 5/8POL | G155: 46190 | H155: Cotação a agregar | I155: 3
A156: (vazio) | B156: Diego Rocha | C156: 16429923 | D156: 30 | E156: (vazio) | F156: FURADEIRA ELET IMP 3250RPM | G156: 46073 | H156: Cotação - em Negociação | I156: 1
A157: (vazio) | B157: Diego Rocha | C157: 16432776 | D157: 10 | E157: (vazio) | F157: SILICONE ACETICO ALTA TEMP VM 280G | G157: 46090 | H157: Cotação - em Negociação | I157: 4
A158: (vazio) | B158: Diego Rocha | C158: 16432776 | D158: 30 | E158: (vazio) | F158: MICRO OLEO DESENGRIPANTE AEROSSOL 300ML | G158: 46090 | H158: Cotação - em Negociação | I158: 15
A159: (vazio) | B159: Diego Rocha | C159: 16432776 | D159: 40 | E159: (vazio) | F159: BOMBA MANUAL GRAX 12G 7KG | G159: 46090 | H159: Cotação - em Negociação | I159: 10
A160: (vazio) | B160: Diego Rocha | C160: 16442320 | D160: 30 | E160: (vazio) | F160: SACA GAXETA FLEX INTERC 11,1MM 280MM | G160: 46141 | H160: Cotação - em Negociação | I160: 10
A161: (vazio) | B161: Diego Rocha | C161: 16448022 | D161: 10 | E161: (vazio) | F161: MALA FERRAMENTA 16POL TECIDO | G161: 46169 | H161: Cotação - em Negociação | I161: 16
A162: (vazio) | B162: Diego Rocha | C162: 16447897 | D162: 10 | E162: (vazio) | F162: DESENGRAXANTE LIQ 5L | G162: 46169 | H162: Cotação - em Negociação | I162: 25
A163: (vazio) | B163: Luciana Venturi | C163: 16451870 | D163: 10 | E163: (vazio) | F163: ROLAMENTO ESF RIG 6209 ZZ C3 SKF | G163: 46190 | H163: Cotação - em Negociação | I163: 10
... A181: Robson Ferreira | B181: Robson Ferreira | C181: 16437339 | D181: 10 | E181: 4500867718 | F181: CABO ELET PP 450 / 750 V 4 X 6MM2 | G181: 46113 | H181: Aguardando emissão NF | I181: 100
A182: Total Geral

Sheet Export
A1: Nº Acomp. | B1: Requisicao | C1: Item RC | D1: Cód. ClassContabil | E1: Class. Contab. RC | F1: Tipo RC | G1: RC Criada Por | H1: Dt Criação RC | I1: Dt Remessa RC | J1: Status Requisição | K1: Dt Aprovação RC | L1: Regional | M1: Centro | N1: Unidade | O1: Material | P1: Descrição Material | Q1: Qtde RC | R1: DepositoRC | S1: Setor | T1: ParametroDefinitivo | U1: DataBaseProcessodefinitivo | V1: Material Corporativo | W1: Contrato ou Spot | X1: Urgente | Y1: Material/Serviço | Z1: Categoria/Família | AA1: Cen. Custo / PEP | AB1: InfraEstrutura | AC1: Ordem | AD1: ContaDoRazaoRC | AE1: Cotacao | AF1: Item Cotacao | AG1: Comprador Cotação | AH1: Qtde Cotacao | AI1: Dt Criação Cotação | AJ1: Contrato | AK1: Item Contrato | AL1: Comprador Contrato | AM1: Qtde Contrato | AN1: Dt Criação Contrato | AO1: Status Lib. Contrato | AP1: Dt Aprov. Contrato | AQ1: Cód Fornecedor | AR1: Fornecedor | AS1: Pedido Criado Por | AT1: Nome Criador Pedido | AU1: TipoPedido | AV1: Pedido | AW1: Item Pedido | AX1: CompraLocal | AY1: Comprador Pedido | AZ1: Dt Criação Pedido | BA1: Status Lib. Pedido | BB1: Dt Aprovação Pedido | BC1: Dt Remessa Pedido | BD1: Dt Estatistica Pedido | BE1: DataConfirmada | BF1: Qtd Pedido | BG1: Qtd Fornecida | BH1: Qtd a fornecer | BI1: Dt MIGO | BJ1: Qtd Escriturada | BK1: Qtd a Escriturar | BL1: Dt MIRO | BM1: Emissão NF | BN1: Dt Pagamento | BO1: Status Geral | BP1: TotalLinhas
B2: 16407867 | C2: 20 | D2: Q | E2: Produção ind.projeto | F2: ZMAT | G2: ACRUZ10 | H2: 45940 | I2: 45960 | J2: Aprovado | K2: 45947 | L2: R4 | M2: RJB4 | N2: SPE SANEAMENTO RIO 4 S.A | O2: 5018596 | P2: VALVULA RET HOR UNICA BZ BSP D2 PN16 | Q2: 10 | R2: DP98 | S2: Suprimentos | V2: Sim | W2: Spot | X2: Não Urgente | Y2: Material | Z2: TUBOS E CONEXÕES DE AÇO | AA2: U/46A.23153.A.RD.M.001 | AB2: Rede de Distribuição | AD2: 1141000003 | BO2: Requisição - Item Eliminado | BP2: 1
B3: 16407867 | C3: 30 | D3: Q | E3: Produção ind.projeto | F3: ZMAT | G3: ACRUZ10 | H3: 45940 | I3: 45960 | J3: Aprovado | K3: 45947 | L3: R4 | M3: RJB4 | N3: SPE SANEAMENTO RIO 4 S.A | O3: 5030545 | P3: VALVULA RET DUPLA FOFO WAF D65 16BAR | Q3: 2 | R3: DP98 | S3: Suprimentos | V3: Sim | W3: Spot | X3: Não Urgente | Y3: Material | Z3: FERRO FUNDIDO | AA3: U/46A.23153.A.RD.M.001 | AB3: Rede de Distribuição | AD3: 1141000003 | BO3: Requisição - Item Concluído | BP3: 1
B4: 16407867 | C4: 10 | D4: Q | E4: Produção ind.projeto | F4: ZMAT | G4: ACRUZ10 | H4: 45940 | I4: 45960 | J4: Aprovado | K4: 45947 | L4: R4 | M4: RJB4 | N4: SPE SANEAMENTO RIO 4 S.A | O4: 5025393 | P4: VALVULA RET DUPLA FOFO WAF D50 16BAR | Q4: 10 | R4: DP98 | S4: Suprimentos | V4: Sim | W4: Spot | X4: Não Urgente | Y4: Material | Z4: FERRO FUNDIDO | AA4: U/46A.23153.A.RD.M.001 | AB4: Rede de Distribuição | AD4: 1141000003 | BO4: Requisição - Item Eliminado | BP4: 1
B5: 16407867 | C5: 50 | D5: Q | E5: Produção ind.projeto | F5: ZMAT | G5: ACRUZ10 | H5: 45940 | I5: 45992 | J5: Aprovado | K5: 45947 | L5: R4 | M5: RJB4 | N5: SPE SANEAMENTO RIO 4 S.A | O5: 5013457 | P5: VALVULA RET DUPLA FOFO WAF D200 150 | Q5: 4 | R5: DP98 | S5: Suprimentos | T5: 85 | U5: 45645 | V5: Sim | W5: Contrato | X5: Não Urgente | Y5: Material | Z5: FERRO FUNDIDO | AA5: U/46A.23153.A.RD.M.001 | AB5: Rede de Distribuição | AD5: 1141000003 | AJ5: 4600084015 | AK5: 600 | AL5: Hermes Morais | AM5: 0 | AN5: 45645 | AO5: Liberado | AQ5: 102514 | AR5: AVK - VALVULAS DO BRASIL LTDA | AS5: JCRUZ3 | AT5: Junio Alvares da Cruz | AU5: PGLO | AV5: 4500640315 | AW5: 10 | AX5: Não | AY5: Edney Jean | AZ5: 45954 | BA5: Liberado | BB5: 45957.358 | BF5: 4 | BG5: 4 | BH5: 0 | BI5: 46007 | BJ5: 4 | BK5: 0 | BL5: 46007 | BO5: Escrituração Realizada | BP5: 1
B6: 16407867 | C6: 40 | D6: Q | E6: Produção ind.projeto | F6: ZMAT | G6: ACRUZ10 | H6: 45940 | I6: 45960 | J6: Aprovado | K6: 45947 | L6: R4 | M6: RJB4 | N6: SPE SANEAMENTO RIO 4 S.A | O6: 5025345 | P6: VALVULA RET DUPLA FOFO WAF D100 16BAR | Q6: 6 | R6: DP98 | S6: Suprimentos | V6: Sim | W6: Spot | X6: Não Urgente | Y6: Material | Z6: FERRO FUNDIDO | AA6: U/46A.23153.A.RD.M.001 | AB6: Rede de Distribuição | AD6: 1141000003 | BO6: Requisição - Item Eliminado | BP6: 1
B7: 16444659 | C7: 10 | D7: Q | E7: Produção ind.projeto | F7: ZMAT | G7: ACRUZ10 | H7: 46150 | I7: 46150 | J7: Aprovado | K7: 46164 | L7: R4 | M7: RJB4 | N7: SPE SANEAMENTO RIO 4 S.A | O7: 5515632 | P7: TORQUIMETRO ESTALO 3/8POL 10-60NM | Q7: 2 | R7: DP98 | S7: Unidade | T7: 156 | U7: 46170 | V7: Não | W7: Spot | X7: Não Urgente | Y7: Material | Z7: CONSTRUÇÃO CIVIL | AA7: U/46A.23153.A.RD.M.001 | AB7: Rede de Distribuição | AD7: 1141000001 | AE7: 6000152290 | AF7: 110 | AG7: André Queiroz | AH7: 2 | AI7: 46170 | AK7: 0 | AQ7: 143551 | AR7: ABRASUL ABRASIVO EPI SOLDAS LTDA | AS7: ARIBACIG | AT7: Conexão ARIBACIG x S4P | AU7: PMNB | AV7: 4500856471 | AW7: 10 | AX7: Não | AY7: André Queiroz | AZ7: 46187 | BA7: Liberado | BB7: 46188.342 | BE7: 46204 | BF7: 2 | BH7: 2 | BK7: 2 | BO7: Aguardando emissão NF | BP7: 1
B8: 16444659 | C8: 20 | D8: Q | E8: Produção ind.projeto | F8: ZMAT | G8: ACRUZ10 | H8: 46150 | I8: 46150 | J8: Aprovado | K8: 46164 | L8: R4 | M8: RJB4 | N8: SPE SANEAMENTO RIO 4 S.A | O8: 5515633 | P8: TORQUIMETRO ESTALO 1/2POL 10-60NM | Q8: 2 | R8: DP98 | S8: Unidade | T8: 156 | U8: 46170 | V8: Não | W8: Spot | X8: Não Urgente | Y8: Material | Z8: CONSTRUÇÃO CIVIL | AA8: U/46A.23153.A.RD.M.001 | AB8: Rede de Distribuição | AD8: 1141000001 | AE8: 6000152290 | AF8: 120 | AG8: André Queiroz | AH8: 2 | AI8: 46170 | AK8: 0 | AQ8: 143551 | AR8: ABRASUL ABRASIVO EPI SOLDAS LTDA | AS8: ARIBACIG | AT8: Conexão ARIBACIG x S4P | AU8: PMNB | AV8: 4500856471 | AW8: 20 | AX8: Não | AY8: André Queiroz | AZ8: 46187 | BA8: Liberado | BB8: 46188.342 | BE8: 46204 | BF8: 2 | BH8: 2 | BK8: 2 | BO8: Aguardando emissão NF | BP8: 1
B9: 16425056 | C9: 60 | D9: Q | E9: Produção ind.projeto | F9: ZMAT | G9: ACRUZ10 | H9: 46045 | I9: 46076 | J9: Aprovado | K9: 46045 | L9: R4 | M9: RJB4 | N9: SPE SANEAMENTO RIO 4 S.A | O9: 5010127 | P9: TOMADA ELETRICA 220V 32A 3P+T | Q9: 5 | R9: DP98 | S9: Suprimentos | T9: 263 | U9: 45820 | V9: Sim | W9: Contrato | X9: Não Urgente | Y9: Material | Z9: MATERIAIS ELÉTRICOS | AA9: U/46A.23153.A.RD.M.001 | AB9: Rede de Distribuição | AD9: 1141000003 | AJ9: 4600092936 | AK9: 120 | AL9: Natasha Amancio | AM9: 0 | AN9: 45820 | AO9: Liberado | AQ9: 133854 | AR9: FECVA S.A. SOLUCOES INDUSTRIAIS | AS9: T3NAMANCIO | AT9: NATASHA DE OLIVEIRA AMANCIO DE OLIVEIRA AMANCIO | AU9: PGLO | AV9: 4500726918 | AW9: 10 | AX9: Não | AY9: Natasha Amancio | AZ9: 46056 | BA9: Liberado | BB9: 46065.709 | BE9: 46101 | BF9: 5 | BG9: 5 | BH9: 0 | BI9: 46108 | BJ9: 5 | BK9: 0 | BL9: 46108 | BO9: Escrituração Realizada | BP9: 1
B10: 16432776 | C10: 10 | D10: Q | E10: Produção ind.projeto | F10: ZMAT | G10: PMORAIS | H10: 46090 | I10: 46128 | J10: Aprovado | K10: 46104 | L10: R4 | M10: RJB4 | N10: SPE SANEAMENTO RIO 4 S.A | O10: 3008639 | P10: SILICONE ACETICO ALTA TEMP VM 280G | Q10: 4 | R10: DP98 | S10: Unidade | T10: 349 | U10: 46121 | V10: Sim | W10: Spot | X10: Não Urgente | Y10: Material | Z10: FERRAMENTAS | AA10: U/46A.23153.A.RD.M.001 | AB10: Rede de Distribuição | AD10: 1141000001 | AE10: 6000148656 | AF10: 50 | AG10: Diego Rocha | AH10: 4 | AI10: 46121 | BO10: Cotação - em Negociação | BP10: 1
B11: 16426739 | C11: 260 | D11: Q | E11: Produção ind.projeto | F11: ZMAT | G11: ACRUZ10 | H11: 46056 | I11: 46076 | J11: Aprovado | K11: 46065 | L11: R4 | M11: RJB4 | N11: SPE SANEAMENTO RIO 4 S.A | O11: 4007453 | P11: SELO MECANICO TS-P 3/4POL | Q11: 5 | R11: DP98 | S11: Suprimentos | T11: 194 | U11: 46066 | V11: Sim | W11: Spot | X11: Não Urgente | Y11: Material | Z11: MATERIAIS MECÂNICOS | AA11: U/46A.23153.A.RD.M.001 | AB11: Rede de Distribuição | AD11: 1141000003 | AE11: 6000144266 | AF11: 40 | AG11: Joaz Souza | AH11: 5 | AI11: 46066 | AK11: 0 | AQ11: 116824 | AR11: PLANAC MAQUINAS E FERRAMENTAS LTDA | AS11: ARIBACIG | AT11: Conexão ARIBACIG x S4P | AU11: PMNB | AV11: 4500804285 | AW11: 40 | AX11: Sim | AY11: Joaz Souza | AZ11: 46139 | BA11: Liberado | BB11: 46140.407 | BD11: 46156 | BE11: 46162 | BF11: 5 | BG11: 5 | BH11: 0 | BI11: 46154 | BJ11: 5 | BK11: 0 | BL11: 46154 | BO11: Escrituração Realizada | BP11: 1
B12: 16401860 | C12: 20 | D12: Q | E12: Produção ind.projeto | F12: ZMAT | G12: ACRUZ10 | H12: 45904 | I12: 45915 | J12: Aprovado | K12: 45904 | L12: R4 | M12: RJB4 | N12: SPE SANEAMENTO RIO 4 S.A | O12: 4007458 | P12: SELO MECANICO TS-P 1.3/4POL | Q12: 10 | R12: DP98 | S12: Suprimentos | T12: 351 | U12: 45904 | V12: Sim | W12: Spot | X12: Não Urgente | Y12: Material | Z12: MATERIAIS MECÂNICOS | AA12: U/46A.23153.A.RD.M.001 | AB12: Rede de Distribuição | AD12: 1141000003 | AE12: 6000131298 | AF12: 20 | AG12: Marcilene Carvalho | AH12: 10 | AI12: 45904 | AK12: 0 | AQ12: 116824 | AR12: PLANAC MAQUINAS E FERRAMENTAS LTDA | AS12: ARIBACIG | AT12: Conexão ARIBACIG x S4P | AU12: PMNB | AV12: 4500600032 | AW12: 20 | AX12: Sim | AY12: Marcilene Carvalho | AZ12: 45910 | BA12: Liberado | BB12: 45911.348 | BD12: 45929 | BE12: 45945 | BF12: 10 | BG12: 10 | BH12: 0 | BI12: 45923 | BJ12: 10 | BK12: 0 | BL12: 45923 | BO12: Escrituração Realizada | BP12: 1
B13: 16426739 | C13: 240 | D13: Q | E13: Produção ind.projeto | F13: ZMAT | G13: ACRUZ10 | H13: 46056 | I13: 46076 | J13: Aprovado | K13: 46065 | L13: R4 | M13: RJB4 | N13: SPE SANEAMENTO RIO 4 S.A | O13: 4007458 | P13: SELO MECANICO TS-P 1.3/4POL | Q13: 10 | R13: DP98 | S13: Suprimentos | T13: 194 | U13: 46066 | V13: Sim | W13: Spot | X13: Não Urgente | Y13: Material | Z13: MATERIAIS MECÂNICOS | AA13: U/46A.23153.A.RD.M.001 | AB13: Rede de Distribuição | AD13: 1141000003 | AE13: 6000144266 | AF13: 20 | AG13: Joaz Souza | AH13: 10 | AI13: 46066 | AK13: 0 | AQ13: 116824 | AR13: PLANAC MAQUINAS E FERRAMENTAS LTDA | AS13: ARIBACIG | AT13: Conexão ARIBACIG x S4P | AU13: PMNB | AV13: 4500804285 | AW13: 20 | AX13: Sim | AY13: Joaz Souza | AZ13: 46139 | BA13: Liberado | BB13: 46140.407 | BD13: 46156 | BE13: 46162 | BF13: 10 | BG13: 10 | BH13: 0 | BI13: 46154 | BJ13: 10 | BK13: 0 | BL13: 46154 | BO13: Escrituração Realizada | BP13: 1
B14: 16429989 | C14: 170 | D14: Q | E14: Produção ind.projeto | F14: ZMAT | G14: ACRUZ10 | H14: 46073 | I14: 46083 | J14: Aprovado | K14: 46091 | L14: R4 | M14: RJB4 | N14: SPE SANEAMENTO RIO 4 S.A | O14: 4007458 | P14: SELO MECANICO TS-P 1.3/4POL | Q14: 20 | R14: DP98 | S14: Suprimentos | T14: 194 | U14: 46102 | V14: Sim | W14: Spot | X14: Não Urgente | Y14: Material | Z14: MATERIAIS MECÂNICOS | AA14: U/46A.23153.A.RD.M.001 | AB14: Rede de Distribuição | AD14: 1141000003 | AE14: 6000147117 | AF14: 20 | AG14: Joaz Souza | AH14: 20 | AI14: 46102 | AK14: 0 | AQ14: 120996 | AR14: ABECOM ROLAMENTOS E PRODUTOS DE BOR | AS14: ARIBACIG | AT14: Conexão ARIBACIG x S4P | AU14: PMNB | AV14: 4500805703 | AW14: 20 | AX14: Não | AY14: Joaz Souza | AZ14: 46141 | BA14: Liberado | BB14: 46142.633 | BD14: 46178 | BE14: 46178 | BF14: 20 | BG14: 20 | BH14: 0 | BI14: 46153 | BJ14: 20 | BK14: 0 | BL14: 46154 | BO14: Escrituração Realizada | BP14: 1
B15: 16401860 | C15: 10 | D15: Q | E15: Produção ind.projeto | F15: ZMAT | G15: ACRUZ10 | H15: 45904 | I15: 45915 | J15: Aprovado | K15: 45904 | L15: R4 | M15: RJB4 | N15: SPE SANEAMENTO RIO 4 S.A | O15: 4007455 | P15: SELO MECANICO TS-P 1.1/4POL | Q15: 10 | R15: DP98 | S15: Suprimentos | T15: 351 | U15: 45904 | V15: Sim | W15: Spot | X15: Não Urgente | Y15: Material | Z15: MATERIAIS MECÂNICOS | AA15: U/46A.23153.A.RD.M.001 | AB15: Rede de Distribuição | AD15: 1141000003 | AE15: 6000131298 | AF15: 10 | AG15: Marcilene Carvalho | AH15: 10 | AI15: 45904 | AK15: 0 | AQ15: 116824 | AR15: PLANAC MAQUINAS E FERRAMENTAS LTDA | AS15: ARIBACIG | AT15: Conexão ARIBACIG x S4P | AU15: PMNB | AV15: 4500600032 | AW15: 10 | AX15: Sim | AY15: Marcilene Carvalho | AZ15: 45910 | BA15: Liberado | BB15: 45911.348 | BD15: 45929 | BE15: 45945 | BF15: 10 | BG15: 10 | BH15: 0 | BI15: 45923 | BJ15: 10 | BK15: 0 | BL15: 45923 | BO15: Escrituração Realizada | BP15: 1
B16: 16426739 | C16: 230 | D16: Q | E16: Produção ind.projeto | F16: ZMAT | G16: ACRUZ10 | H16: 46056 | I16: 46076 | J16: Aprovado | K16: 46065 | L16: R4 | M16: RJB4 | N16: SPE SANEAMENTO RIO 4 S.A | O16: 4007455 | P16: SELO MECANICO TS-P 1.1/4POL | Q16: 10 | R16: DP98 | S16: Suprimentos | T16: 194 | U16: 46066 | V16: Sim | W16: Spot | X16: Não Urgente | Y16: Material | Z16: MATERIAIS MECÂNICOS | AA16: U/46A.23153.A.RD.M.001 | AB16: Rede de Distribuição | AD16: 1141000003 | AE16: 6000144266 | AF16: 10 | AG16: Joaz Souza | AH16: 10 | AI16: 46066 | AK16: 0 | AQ16: 116824 | AR16: PLANAC MAQUINAS E FERRAMENTAS LTDA | AS16: ARIBACIG | AT16: Conexão ARIBACIG x S4P | AU16: PMNB | AV16: 4500804285 | AW16: 10 | AX16: Sim | AY16: Joaz Souza | AZ16: 46139 | BA16: Liberado | BB16: 46140.407 | BD16: 46156 | BE16: 46162 | BF16: 10 | BG16: 10 | BH16: 0 | BI16: 46154 | BJ16: 10 | BK16: 0 | BL16: 46154 | BO16: Escrituração Realizada | BP16: 1
B17: 16429989 | C17: 160 | D17: Q | E17: Produção ind.projeto | F17: ZMAT | G17: ACRUZ10 | H17: 46073 | I17: 46083 | J17: Aprovado | K17: 46091 | L17: R4 | M17: RJB4 | N17: SPE SANEAMENTO RIO 4 S.A | O17: 4007455 | P17: SELO MECANICO TS-P 1.1/4POL | Q17: 20 | R17: DP98 | S17: Suprimentos | T17: 194 | U17: 46102 | V17: Sim | W17: Spot | X17: Não Urgente | Y17: Material | Z17: MATERIAIS MECÂNICOS | AA17: U/46A.23153.A.RD.M.001 | AB17: Rede de Distribuição | AD17: 1141000003 | AE17: 6000147117 | AF17: 10 | AG17: Joaz Souza | AH17: 20 | AI17: 46102 | AK17: 0 | AQ17: 120996 | AR17: ABECOM ROLAMENTOS E PRODUTOS DE BOR | AS17: ARIBACIG | AT17: Conexão ARIBACIG x S4P | AU17: PMNB | AV17: 4500805703 | AW17: 10 | AX17: Não | AY17: Joaz Souza | AZ17: 46141 | BA17: Liberado | BB17: 46142.633 | BD17: 46178 | BE17: 46178 | BF17: 20 | BG17: 20 | BH17: 0 | BI17: 46153 | BJ17: 20 | BK17: 0 | BL17: 46154 | BO17: Escrituração Realizada | BP17: 1
B18: 16426739 | C18: 250 | D18: Q | E18: Produção ind.projeto | F18: ZMAT | G18: ACRUZ10 | H18: 46056 | I18: 46076 | J18: Aprovado | K18: 46065 | L18: R4 | M18: RJB4 | N18: SPE SANEAMENTO RIO 4 S.A | O18: 4005833 | P18: SELO MECANICO 21 D1.3/8 | Q18: 7 | R18: DP98 | S18: Suprimentos | T18: 194 | U18: 46066 | V18: Sim | W18: Spot | X18: Não Urgente | Y18: Material | Z18: MATERIAIS MECÂNICOS | AA18: U/46A.23153.A.RD.M.001 | AB18: Rede de Distribuição | AD18: 1141000003 | AE18: 6000144266 | AF18: 30 | AG18: Joaz Souza | AH18: 7 | AI18: 46066 | AK18: 0 | AQ18: 116824 | AR18: PLANAC MAQUINAS E FERRAMENTAS LTDA | AS18: ARIBACIG | AT18: Conexão ARIBACIG x S4P | AU18: PMNB | AV18: 4500804285 | AW18: 30 | AX18: Sim | AY18: Joaz Souza | AZ18: 46139 | BA18: Liberado | BB18: 46140.407 | BD18: 46156 | BE18: 46162 | BF18: 7 | BG18: 7 | BH18: 0 | BI18: 46154 | BJ18: 7 | BK18: 0 | BL18: 46154 | BO18: Escrituração Realizada | BP18: 1
B19: 16429989 | C19: 180 | D19: Q | E19: Produção ind.projeto | F19: ZMAT | G19: ACRUZ10 | H19: 46073 | I19: 46073 | J19: Aprovado | K19: 46091 | L19: R4 | M19: RJB4 | N19: SPE SANEAMENTO RIO 4 S.A | O19: 4005833 | P19: SELO MECANICO 21 D1.3/8 | Q19: 7 | R19: DP98 | S19: Suprimentos | T19: 194 | U19: 46102 | V19: Sim | W19: Spot | X19: Não Urgente | Y19: Material | Z19: MATERIAIS MECÂNICOS | AA19: U/46A.23153.A.RD.M.001 | AB19: Rede de Distribuição | AD19: 1141000003 | AE19: 6000147117 | AF19: 30 | AG19: Joaz Souza | AH19: 7 | AI19: 46102 | AK19: 0 | AQ19: 120996 | AR19: ABECOM ROLAMENTOS E PRODUTOS DE BOR | AS19: ARIBACIG | AT19: Conexão ARIBACIG x S4P | AU19: PMNB | AV19: 4500805703 | AW19: 30 | AX19: Não | AY19: Joaz Souza | AZ19: 46141 | BA19: Liberado | BB19: 46142.633 | BD19: 46178 | BE19: 46178 | BF19: 7 | BG19: 7 | BH19: 0 | BI19: 46153 | BJ19: 7 | BK19: 0 | BL19: 46154 | BO19: Escrituração Realizada | BP19: 1
B20: 16442320 | C20: 30 | D20: Q | E20: Produção ind.projeto | F20: ZMAT | G20: ACRUZ10 | H20: 46141 | I20: 46150 | J20: Aprovado | K20: 46150 | L20: R4 | M20: RJB4 | N20: SPE SANEAMENTO RIO 4 S.A | O20: 5507548 | P20: SACA GAXETA FLEX INTERC 11,1MM 280MM | Q20: 10 | R20: DP98 | S20: Suprimentos | T20: 349 | U20: 46161 | V20: Sim | W20: Spot | X20: Não Urgente | Y20: Material | Z20: FERRAMENTAS | AA20: U/46A.23153.A.RD.M.001 | AB20: Rede de Distribuição | AD20: 1141000003 | AE20: 6000151574 | AF20: 130 | AG20: Diego Rocha | AH20: 10 | AI20: 46161 | BO20: Cotação - em Negociação | BP20: 1
B21: 16405989 | C21: 10 | D21: Q | E21: Produção ind.projeto | F21: ZMAT | G21: ACRUZ10 | H21: 45930 | I21: 45940 | J21: Aprovado | K21: 45932 | L21: R4 | M21: RJB4 | N21: SPE SANEAMENTO RIO 4 S.A | O21: 5512377 | P21: ROTULADOR ELETRON AUTOM 230DPI 7,5MM/S | Q21: 1 | R21: DP98 | S21: Unidade | T21: 77 | U21: 45936 | V21: Não | W21: Spot | X21: Não Urgente | Y21: Material | Z21: MATERIAIS DE TI | AA21: U/46A.23153.A.RD.M.001 | AB21: Rede de Distribuição | AD21: 1141000001 | AE21: 6000133819 | AF21: 30 | AG21: Gislene Rodrigues | AH21: 1 | AI21: 45936 | AK21: 0 | AQ21: 142020 | AR21: ED PEL COMERCIO E SERVICO LTDA | AS21: ARIBACIG | AT21: Conexão ARIBACIG x S4P | AU21: PMNB | AV21: 4500633639 | AW21: 10 | AX21: Sim | AY21: Gislene Rodrigues | AZ21: 45946 | BA21: Liberado | BB21: 45967.561 | BD21: 45978 | BE21: 45978 | BF21: 1 | BG21: 1 | BH21: 0 | BI21: 45993 | BJ21: 1 | BK21: 0 | BL21: 45993 | BO21: Escrituração Realizada | BP21: 1
B22: 16432794 | C22: 40 | D22: Q | E22: Produção ind.projeto | F22: ZMAT | G22: PMORAIS | H22: 46090 | I22: 46128 | J22: Aprovado | K22: 46104 | L22: R4 | M22: RJB4 | N22: SPE SANEAMENTO RIO 4 S.A | O22: 4006590 | P22: ROLAMENTO RIG ESF RAD 6411 C3 | Q22: 6 | R22: DP98 | S22: Suprimentos | T22: 194 | U22: 46150 | V22: Sim | W22: Spot | X22: Não Urgente | Y22: Material | Z22: MATERIAIS MECÂNICOS | AA22: U/46A.23153.A.RD.M.001 | AB22: Rede de Distribuição | AD22: 1141000003 | AE22: 6000150731 | AF22: 20 | AG22: Joaz Souza | AH22: 6 | AI22: 46150 | AK22: 0 | AQ22: 116824 | AR22: PLANAC MAQUINAS E FERRAMENTAS LTDA | AS22: ARIBACIG | AT22: Conexão ARIBACIG x S4P | AU22: PMNB | AV22: 4500836232 | AW22: 10 | AX22: Sim | AY22: Joaz Souza | AZ22: 46167 | BA22: Liberado | BB22: 46167.709 | BD22: 46183 | BE22: 46203 | BF22: 6 | BH22: 6 | BK22: 6 | BO22: Aguardando emissão NF | BP22: 1
B23: 16426739 | C23: 110 | D23: Q | E23: Produção ind.projeto | F23: ZMAT | G23: ACRUZ10 | H23: 46056 | I23: 46076 | J23: Aprovado | K23: 46065 | L23: R4 | M23: RJB4 | N23: SPE SANEAMENTO RIO 4 S.A | O23: 4006576 | P23: ROLAMENTO ESF RIG 6314 Z C3 | Q23: 4 | R23: DP98 | S23: Suprimentos | T23: 194 | U23: 46066 | V23: Sim | W23: Spot | X23: Não Urgente | Y23: Material | Z23: MATERIAIS MECÂNICOS | AA23: U/46A.23153.A.RD.M.001 | AB23: Rede de Distribuição | AD23: 1141000001 | AE23: 6000144265 | AF23: 100 | AG23: Joaz Souza | AH23: 4 | AI23: 46066 | AK23: 0 | AQ23: 145468 | AR23: PORTORROL DISTRIBUIDORA LTDA | AS23: ARIBACIG | AT23: Conexão ARIBACIG x S4P | AU23: PMNB | AV23: 4500778966 | AW23: 100 | AX23: Não | AY23: Joaz Souza | AZ23: 46111 | BA23: Liberado | BB23: 46127.456 | BD23: 46134 | BE23: 46139 | BF23: 4 | BG23: 4 | BH23: 0 | BI23: 46150 | BJ23: 4 | BK23: 0 | BL23: 46168 | BO23: Escrituração Realizada | BP23: 1
B24: 16432794 | C24: 50 | D24: Q | E24: Produção ind.projeto | F24: ZMAT | G24: PMORAIS | H24: 46090 | I24: 46128 | J24: Aprovado | K24: 46104 | L24: R4 | M24: RJB4 | N24: SPE SANEAMENTO RIO 4 S.A | O24: 4003701 | P24: ROLAMENTO ESF RIG 6312-ZZ SKF | Q24: 6 | R24: DP98 | S24: Suprimentos | T24: 194 | U24: 46150 | V24: Sim | W24: Spot | X24: Não Urgente | Y24: Material | Z24: MATERIAIS MECÂNICOS | AA24: U/46A.23153.A.RD.M.001 | AB24: Rede de Distribuição | AD24: 1141000001 | AE24: 6000150731 | AF24: 30 | AG24: Joaz Souza | AH24: 6 | AI24: 46150 | AK24: 0 | AQ24: 116824 | AR24: PLANAC MAQUINAS E FERRAMENTAS LTDA | AS24: ARIBACIG | AT24: Conexão ARIBACIG x S4P | AU24: PMNB | AV24: 4500836232 | AW24: 20 | AX24: Sim | AY24: Joaz Souza | AZ24: 46167 | BA24: Liberado | BB24: 46167.709 | BD24: 46183 | BE24: 46203 | BF24: 6 | BH24: 6 | BK24: 6 | BO24: Aguardando emissão NF | BP24: 1
B25: 16426739 | C25: 100 | D25: Q | E25: Produção ind.projeto | F25: ZMAT | G25: ACRUZ10 | H25: 46056 | I25: 46076 | J25: Aprovado | K25: 46065 | L25: R4 | M25: RJB4 | N25: SPE SANEAMENTO RIO 4 S.A | O25: 4003640 | P25: ROLAMENTO ESF RIG 6311ZZC3 FAG | Q25: 4 | R25: DP98 | S25: Suprimentos | T25: 194 | U25: 46066 | V25: Sim | W25: Spot | X25: Não Urgente | Y25: Material | Z25: MATERIAIS MECÂNICOS | AA25: U/46A.23153.A.RD.M.001 | AB25: Rede de Distribuição | AD25: 1141000001 | AE25: 6000144265 | AF25: 90 | AG25: Joaz Souza | AH25: 4 | AI25: 46066 | AK25: 0 | AQ25: 145468 | AR25: PORTORROL DISTRIBUIDORA LTDA | AS25: ARIBACIG | AT25: Conexão ARIBACIG x S4P | AU25: PMNB | AV25: 4500778966 | AW25: 90 | AX25: Não | AY25: Joaz Souza | AZ25: 46111 | BA25: Liberado | BB25: 46127.456 | BD25: 46134 | BE25: 46139 | BF25: 4 | BG25: 4 | BH25: 0 | BI25: 46150 | BJ25: 4 | BK25: 0 | BL25: 46168 | BO25: Escrituração Realizada | BP25: 1
B26: 16426739 | C26: 90 | D26: Q | E26: Produção ind.projeto | F26: ZMAT | G26: ACRUZ10 | H26: 46056 | I26: 46076 | J26: Aprovado | K26: 46065 | L26: R4 | M26: RJB4 | N26: SPE SANEAMENTO RIO 4 S.A | O26: 4007728 | P26: ROLAMENTO ESF RIG 6310-2Z/C3 SKF | Q26: 4 | R26: DP98 | S26: Suprimentos | T26: 194 | U26: 46066 | V26: Sim | W26: Spot | X26: Não Urgente | Y26: Material | Z26: MATERIAIS MECÂNICOS | AA26: U/46A.23153.A.RD.M.001 | AB26: Rede de Distribuição | AD26: 1141000003 | AE26: 6000144265 | AF26: 80 | AG26: Joaz Souza | AH26: 4 | AI26: 46066 | AK26: 0 | AQ26: 145468 | AR26: PORTORROL DISTRIBUIDORA LTDA | AS26: ARIBACIG | AT26: Conexão ARIBACIG x S4P | AU26: PMNB | AV26: 4500778966 | AW26: 80 | AX26: Não | AY26: Joaz Souza | AZ26: 46111 | BA26: Liberado | BB26: 46127.456 | BD26: 46134 | BE26: 46139 | BF26: 4 | BG26: 4 | BH26: 0 | BI26: 46150 | BJ26: 4 | BK26: 0 | BL26: 46168 | BO26: Escrituração Realizada | BP26: 1
B27: 16401510 | C27: 30 | D27: Q | E27: Produção ind.projeto | F27: ZMAT | G27: ACRUZ10 | H27: 45902 | I27: 45912 | J27: Aprovado | K27: 45903 | L27: R4 | M27: RJB4 | N27: SPE SANEAMENTO RIO 4 S.A | O27: 4007727 | P27: ROLAMENTO ESF RIG 6309-2Z/C3 SKF | Q27: 6 | R27: DP98 | S27: Suprimentos | V27: Sim | W27: Spot | X27: Não Urgente | Y27: Material | Z27: MATERIAIS MECÂNICOS | AA27: U/46A.23153.A.RD.M.001 | AB27: Rede de Distribuição | AD27: 1141000003 | BO27: Requisição - Item Concluído | BP27: 1
B28: 16425056 | C28: 30 | D28: Q | E28: Produção ind.projeto | F28: ZMAT | G28: ACRUZ10 | H28: 46045 | I28: 46055 | J28: Aprovado | K28: 46045 | L28: R4 | M28: RJB4 | N28: SPE SANEAMENTO RIO 4 S.A | O28: 4007727 | P28: ROLAMENTO ESF RIG 6309-2Z/C3 SKF | Q28: 15 | R28: DP98 | S28: Suprimentos | T28: 194 | U28: 46050 | V28: Sim | W28: Spot | X28: Não Urgente | Y28: Material | Z28: MATERIAIS MECÂNICOS | AA28: U/46A.23153.A.RD.M.001 | AB28: Rede de Distribuição | AD28: 1141000003 | AE28: 6000142708 | AF28: 10 | AG28: Joaz Souza | AH28: 15 | AI28: 46050 | AK28: 0 | AQ28: 120996 | AR28: ABECOM ROLAMENTOS E PRODUTOS DE BOR | AS28: ARIBACIG | AT28: Conexão ARIBACIG x S4P | AU28: PMNB | AV28: 4500779915 | AW28: 10 | AX28: Não | AY28: Joaz Souza | AZ28: 46113 | BA28: Liberado | BB28: 46119.396 | BD28: 46125 | BE28: 46132 | BF28: 15 | BG28: 15 | BH28: 0 | BI28: 46197 | BJ28: 15 | BK28: 0 | BL28: 46197 | BO28: Escrituração Realizada | BP28: 1
B29: 16426739 | C29: 80 | D29: Q | E29: Produção ind.projeto | F29: ZMAT | G29: ACRUZ10 | H29: 46056 | I29: 46076 | J29: Aprovado | K29: 46065 | L29: R4 | M29: RJB4 | N29: SPE SANEAMENTO RIO 4 S.A | O29: 4003680 | P29: ROLAMENTO ESF RIG 6307-2Z SKF | Q29: 10 | R29: DP98 | S29: Suprimentos | T29: 194 | U29: 46066 | V29: Sim | W29: Spot | X29: Não Urgente | Y29: Material | Z29: MATERIAIS MECÂNICOS | AA29: U/46A.23153.A.RD.M.001 | AB29: Rede de Distribuição | AD29: 1141000001 | AE29: 6000144265 | AF29: 70 | AG29: Joaz Souza | AH29: 10 | AI29: 46066 | AK29: 0 | AQ29: 145468 | AR29: PORTORROL DISTRIBUIDORA LTDA | AS29: ARIBACIG | AT29: Conexão ARIBACIG x S4P | AU29: PMNB | AV29: 4500778966 | AW29: 70 | AX29: Não | AY29: Joaz Souza | AZ29: 46111 | BA29: Liberado | BB29: 46127.456 | BD29: 46134 | BE29: 46139 | BF29: 10 | BG29: 10 | BH29: 0 | BI29: 46150 | BJ29: 10 | BK29: 0 | BL29: 46168 | BO29: Escrituração Realizada | BP29: 1
B30: 16404745 | C30: 10 | D30: Q | E30: Produção ind.projeto | F30: ZMAT | G30: ACRUZ10 | H30: 45922 | I30: 45932 | J30: Aprovado | K30: 45922 | L30: R4 | M30: RJB4 | N30: SPE SANEAMENTO RIO 4 S.A | O30: 4003622 | P30: ROLAMENTO ESF RIG 6213ZC3 NSK | Q30: 6 | R30: DP98 | S30: Suprimentos | T30: 351 | U30: 45924 | V30: Sim | W30: Spot | X30: Não Urgente | Y30: Material | Z30: MATERIAIS MECÂNICOS | AA30: U/46A.23153.A.RD.M.001 | AB30: Rede de Distribuição | AD30: 1141000001 | AE30: 6000132919 | AF30: 10 | AG30: Marcilene Carvalho | AH30: 6 | AI30: 45924 | AK30: 0 | AQ30: 118580 | AR30: IMPORT. DE ROLAMENTOS RADIAL LTDA | AS30: ARIBACIG | AT30: Conexão ARIBACIG x S4P | AU30: PMNB | AV30: 4500620544 | AW30: 10 | AX30: Não | AY30: Marcilene Carvalho | AZ30: 45933 | BA30: Liberado | BB30: 45947.699 | BD30: 45958 | BE30: 45978 | BF30: 6 | BH30: 6 | BK30: 6 | BO30: Escrituração Final Realizada | BP30: 1
B31: 16426739 | C31: 140 | D31: Q | E31: Produção ind.projeto | F31: ZMAT | G31: ACRUZ10 | H31: 46056 | I31: 46076 | J31: Aprovado | K31: 46065 | L31: R4 | M31: RJB4 | N31: SPE SANEAMENTO RIO 4 S.A | O31: 4003620 | P31: ROLAMENTO ESF RIG 6212C3 SKF | Q31: 4 | R31: DP98 | S31: Suprimentos | T31: 194 | U31: 46066 | V31: Sim | W31: Spot | X31: Não Urgente | Y31: Material | Z31: MATERIAIS MECÂNICOS | AA31: U/46A.23153.A.RD.M.001 | AB31: Rede de Distribuição | AD31: 1141000001 | AE31: 6000144265 | AF31: 120 | AG31: Joaz Souza | AH31: 4 | AI31: 46066 | AK31: 0 | AQ31: 145468 | AR31: PORTORROL DISTRIBUIDORA LTDA | AS31: ARIBACIG | AT31: Conexão ARIBACIG x S4P | AU31: PMNB | AV31: 4500778966 | AW31: 120 | AX31: Não | AY31: Joaz Souza | AZ31: 46111 | BA31: Liberado | BB31: 46127.456 | BD31: 46134 | BE31: 46125 | BF31: 4 | BG31: 4 | BH31: 0 | BI31: 46150 | BJ31: 4 | BK31: 0 | BL31: 46168 | BO31: Escrituração Realizada | BP31: 1
B32: 16426739 | C32: 70 | D32: Q | E32: Produção ind.projeto | F32: ZMAT | G32: ACRUZ10 | H32: 46056 | I32: 46076 | J32: Aprovado | K32: 46065 | L32: R4 | M32: RJB4 | N32: SPE SANEAMENTO RIO 4 S.A | O32: 4003686 | P32: ROLAMENTO ESF RIG 6211ZC3 SKF | Q32: 8 | R32: DP98 | S32: Suprimentos | T32: 194 | U32: 46066 | V32: Sim | W32: Spot | X32: Não Urgente | Y32: Material | Z32: MATERIAIS MECÂNICOS | AA32: U/46A.23153.A.RD.M.001 | AB32: Rede de Distribuição | AD32: 1141000003 | AE32: 6000144265 | AF32: 60 | AG32: Joaz Souza | AH32: 8 | AI32: 46066 | AK32: 0 | AQ32: 145468 | AR32: PORTORROL DISTRIBUIDORA LTDA | AS32: ARIBACIG | AT32: Conexão ARIBACIG x S4P | AU32: PMNB | AV32: 4500778966 | AW32: 60 | AX32: Não | AY32: Joaz Souza | AZ32: 46111 | BA32: Liberado | BB32: 46127.456 | BD32: 46134 | BE32: 46139 | BF32: 8 | BH32: 8 | BK32: 8 | BO32: Aguardando emissão NF | BP32: 1
B33: 16401510 | C33: 40 | D33: Q | E33: Produção ind.projeto | F33: ZMAT | G33: ACRUZ10 | H33: 45902 | I33: 45909 | J33: Aprovado | K33: 45903 | L33: R4 | M33: RJB4 | N33: SPE SANEAMENTO RIO 4 S.A | O33: 4007726 | P33: ROLAMENTO ESF RIG 6209 ZZ C3 SKF | Q33: 6 | R33: DP98 | S33: Suprimentos | V33: Sim | W33: Spot | X33: Não Urgente | Y33: Material | Z33: MATERIAIS MECÂNICOS | AA33: U/46A.23153.A.RD.M.001 | AB33: Rede de Distribuição | AD33: 1141000003 | BO33: Requisição - Item Concluído | BP33: 1
B34: 16425056 | C34: 40 | D34: Q | E34: Produção ind.projeto | F34: ZMAT | G34: ACRUZ10 | H34: 46045 | I34: 46052 | J34: Aprovado | K34: 46045 | L34: R4 | M34: RJB4 | N34: SPE SANEAMENTO RIO 4 S.A | O34: 4007726 | P34: ROLAMENTO ESF RIG 6209 ZZ C3 SKF | Q34: 15 | R34: DP98 | S34: Suprimentos | T34: 194 | U34: 46050 | V34: Sim | W34: Spot | X34: Não Urgente | Y34: Material | Z34: MATERIAIS MECÂNICOS | AA34: U/46A.23153.A.RD.M.001 | AB34: Rede de Distribuição | AD34: 1141000003 | AE34: 6000142708 | AF34: 20 | AG34: Joaz Souza | AH34: 15 | AI34: 46050 | AK34: 0 | AQ34: 120996 | AR34: ABECOM ROLAMENTOS E PRODUTOS DE BOR | AS34: ARIBACIG | AT34: Conexão ARIBACIG x S4P | AU34: PMNB | AV34: 4500779915 | AW34: 20 | AX34: Não | AY34: Joaz Souza | AZ34: 46113 | BA34: Liberado | BB34: 46119.396 | BD34: 46125 | BE34: 46132 | BF34: 15 | BG34: 15 | BH34: 0 | BI34: 46197 | BJ34: 15 | BK34: 0 | BL34: 46197 | BO34: Escrituração Realizada | BP34: 1
B35: 16451870 | C35: 10 | D35: Q | E35: Produção ind.projeto | F35: ZMAT | G35: TTORRES | H35: 46190 | I35: 46218 | J35: Aprovado | K35: 46190 | L35: R4 | M35: RJB4 | N35: SPE SANEAMENTO RIO 4 S.A | O35: 4007726 | P35: ROLAMENTO ESF RIG 6209 ZZ C3 SKF | Q35: 10 | R35: DP98 | S35: Suprimentos | T35: 350 | U35: 46198 | V35: Sim | W35: Spot | X35: Não Urgente | Y35: Material | Z35: MATERIAIS MECÂNICOS | AA35: U/46A.23153.A.RD.M.001 | AB35: Rede de Distribuição | AD35: 1141000003 | AE35: 6000154203 | AF35: 260 | AG35: Luciana Venturi | AH35: 10 | AI35: 46198 | BO35: Cotação - em Negociação | BP35: 1
B36: 16426739 | C36: 130 | D36: Q | E36: Produção ind.projeto | F36: ZMAT | G36: ACRUZ10 | H36: 46056 | I36: 46076 | J36: Aprovado | K36: 46065 | L36: R4 | M36: RJB4 | N36: SPE SANEAMENTO RIO 4 S.A | O36: 4003599 | P36: ROLAMENTO ESF RIG 6208-2Z SKF | Q36: 10 | R36: DP98 | S36: Suprimentos | T36: 194 | U36: 46066 | V36: Sim | W36: Spot | X36: Não Urgente | Y36: Material | Z36: MATERIAIS MECÂNICOS | AA36: U/46A.23153.A.RD.M.001 | AB36: Rede de Distribuição | AD36: 1141000001 | AE36: 6000144265 | AF36: 110 | AG36: Joaz Souza | AH36: 10 | AI36: 46066 | AK36: 0 | AQ36: 145468 | AR36: PORTORROL DISTRIBUIDORA LTDA | AS36: ARIBACIG | AT36: Conexão ARIBACIG x S4P | AU36: PMNB | AV36: 4500778966 | AW36: 110 | AX36: Não | AY36: Joaz Souza | AZ36: 46111 | BA36: Liberado | BB36: 46127.456 | BD36: 46134 | BE36: 46139 | BF36: 10 | BG36: 10 | BH36: 0 | BI36: 46150 | BJ36: 10 | BK36: 0 | BL36: 46168 | BO36: Escrituração Realizada | BP36: 1
B37: 16426739 | C37: 60 | D37: Q | E37: Produção ind.projeto | F37: ZMAT | G37: ACRUZ10 | H37: 46056 | I37: 46076 | J37: Aprovado | K37: 46065 | L37: R4 | M37: RJB4 | N37: SPE SANEAMENTO RIO 4 S.A | O37: 4003590 | P37: ROLAMENTO ESF RIG 6207-2Z/C3 SKF | Q37: 5 | R37: DP98 | S37: Suprimentos | T37: 194 | U37: 46066 | V37: Sim | W37: Spot | X37: Não Urgente | Y37: Material | Z37: MATERIAIS MECÂNICOS | AA37: U/46A.23153.A.RD.M.001 | AB37: Rede de Distribuição | AD37: 1141000001 | AE37: 6000144265 | AF37: 50 | AG37: Joaz Souza | AH37: 5 | AI37: 46066 | AK37: 0 | AQ37: 145468 | AR37: PORTORROL DISTRIBUIDORA LTDA | AS37: ARIBACIG | AT37: Conexão ARIBACIG x S4P | AU37: PMNB | AV37: 4500778966 | AW37: 50 | AX37: Não | AY37: Joaz Souza | AZ37: 46111 | BA37: Liberado | BB37: 46127.456 | BD37: 46134 | BE37: 46139 | BF37: 5 | BG37: 5 | BH37: 0 | BI37: 46150 | BJ37: 5 | BK37: 0 | BL37: 46168 | BO37: Escrituração Realizada | BP37: 1
B38: 16426739 | C38: 50 | D38: Q | E38: Produção ind.projeto | F38: ZMAT | G38: ACRUZ10 | H38: 46056 | I38: 46076 | J38: Aprovado | K38: 46065 | L38: R4 | M38: RJB4 | N38: SPE SANEAMENTO RIO 4 S.A | O38: 4003573 | P38: ROLAMENTO ESF RIG 6206 SKF | Q38: 5 | R38: DP98 | S38: Suprimentos | T38: 194 | U38: 46066 | V38: Sim | W38: Spot | X38: Não Urgente | Y38: Material | Z38: MATERIAIS MECÂNICOS | AA38: U/46A.23153.A.RD.M.001 | AB38: Rede de Distribuição | AD38: 1141000001 | AE38: 6000144265 | AF38: 40 | AG38: Joaz Souza | AH38: 5 | AI38: 46066 | AK38: 0 | AQ38: 145468 | AR38: PORTORROL DISTRIBUIDORA LTDA | AS38: ARIBACIG | AT38: Conexão ARIBACIG x S4P | AU38: PMNB | AV38: 4500778966 | AW38: 40 | AX38: Não | AY38: Joaz Souza | AZ38: 46111 | BA38: Liberado | BB38: 46127.456 | BD38: 46134 | BE38: 46139 | BF38: 5 | BG38: 5 | BH38: 0 | BI38: 46150 | BJ38: 5 | BK38: 0 | BL38: 46168 | BO38: Escrituração Realizada | BP38: 1
B39: 16426739 | C39: 30 | D39: Q | E39: Produção ind.projeto | F39: ZMAT | G39: ACRUZ10 | H39: 46056 | I39: 46076 | J39: Aprovado | K39: 46065 | L39: R4 | M39: RJB4 | N39: SPE SANEAMENTO RIO 4 S.A | O39: 4003666 | P39: ROLAMENTO ESF RIG 6204-2Z SKF | Q39: 4 | R39: DP98 | S39: Suprimentos | T39: 194 | U39: 46066 | V39: Sim | W39: Spot | X39: Não Urgente | Y39: Material | Z39: MATERIAIS MECÂNICOS | AA39: U/46A.23153.A.RD.M.001 | AB39: Rede de Distribuição | AD39: 1141000001 | AE39: 6000144265 | AF39: 30 | AG39: Joaz Souza | AH39: 4 | AI39: 46066 | AK39: 0 | AQ39: 145468 | AR39: PORTORROL DISTRIBUIDORA LTDA | AS39: ARIBACIG | AT39: Conexão ARIBACIG x S4P | AU39: PMNB | AV39: 4500778966 | AW39: 30 | AX39: Não | AY39: Joaz Souza | AZ39: 46111 | BA39: Liberado | BB39: 46127.456 | BD39: 46134 | BE39: 46139 | BF39: 4 | BG39: 4 | BH39: 0 | BI39: 46150 | BJ39: 4 | BK39: 0 | BL39: 46168 | BO39: Escrituração Realizada | BP39: 1
B40: 16404745 | C40: 20 | D40: Q | E40: Produção ind.projeto | F40: ZMAT | G40: ACRUZ10 | H40: 45922 | I40: 45929 | J40: Aprovado | K40: 45922 | L40: R4 | M40: RJB4 | N40: SPE SANEAMENTO RIO 4 S.A | O40: 4003645 | P40: ROLAMENTO ESF RIG 6203ZZ B EEMS NSK | Q40: 3 | R40: DP98 | S40: Suprimentos | T40: 351 | U40: 45924 | V40: Sim | W40: Spot | X40: Não Urgente | Y40: Material | Z40: MATERIAIS MECÂNICOS | AA40: U/46A.23153.A.RD.M.001 | AB40: Rede de Distribuição | AD40: 1141000001 | AE40: 6000132919 | AF40: 20 | AG40: Marcilene Carvalho | AH40: 3 | AI40: 45924 | AK40: 0 | AQ40: 118580 | AR40: IMPORT. DE ROLAMENTOS RADIAL LTDA | AS40: ARIBACIG | AT40: Conexão ARIBACIG x S4P | AU40: PMNB | AV40: 4500620544 | AW40: 20 | AX40: Não | AY40: Marcilene Carvalho | AZ40: 45933 | BA40: Liberado | BB40: 45947.699 | BD40: 45950 | BE40: 45978 | BF40: 3 | BH40: 3 | BK40: 3 | BO40: Escrituração Final Realizada | BP40: 1
B41: 16426739 | C41: 20 | D41: Q | E41: Produção ind.projeto | F41: ZMAT | G41: ACRUZ10 | H41: 46056 | I41: 46076 | J41: Aprovado | K41: 46065 | L41: R4 | M41: RJB4 | N41: SPE SANEAMENTO RIO 4 S.A | O41: 4003706 | P41: ROLAMENTO ESF RIG 6203Z SKF | Q41: 4 | R41: DP98 | S41: Suprimentos | T41: 194 | U41: 46066 | V41: Sim | W41: Spot | X41: Não Urgente | Y41: Material | Z41: MATERIAIS MECÂNICOS | AA41: U/46A.23153.A.RD.M.001 | AB41: Rede de Distribuição | AD41: 1141000001 | AE41: 6000144265 | AF41: 20 | AG41: Joaz Souza | AH41: 4 | AI41: 46066 | AK41: 0 | AQ41: 145468 | AR41: PORTORROL DISTRIBUIDORA LTDA | AS41: ARIBACIG | AT41: Conexão ARIBACIG x S4P | AU41: PMNB | AV41: 4500778966 | AW41: 20 | AX41: Não | AY41: Joaz Souza | AZ41: 46111 | BA41: Liberado | BB41: 46127.456 | BD41: 46134 | BE41: 46139 | BF41: 4 | BG41: 4 | BH41: 0 | BI41: 46150 | BJ41: 4 | BK41: 0 | BL41: 46168 | BO41: Escrituração Realizada | BP41: 1
B42: 16426739 | C42: 10 | D42: Q | E42: Produção ind.projeto | F42: ZMAT | G42: ACRUZ10 | H42: 46056 | I42: 46076 | J42: Aprovado | K42: 46065 | L42: R4 | M42: RJB4 | N42: SPE SANEAMENTO RIO 4 S.A | O42: 4003705 | P42: ROLAMENTO ESF RIG 6202-2ZC3 SKF | Q42: 4 | R42: DP98 | S42: Suprimentos | T42: 194 | U42: 46066 | V42: Sim | W42: Spot | X42: Não Urgente | Y42: Material | Z42: MATERIAIS MECÂNICOS | AA42: U/46A.23153.A.RD.M.001 | AB42: Rede de Distribuição | AD42: 1141000001 | AE42: 6000144265 | AF42: 10 | AG42: Joaz Souza | AH42: 4 | AI42: 46066 | AK42: 0 | AQ42: 145468 | AR42: PORTORROL DISTRIBUIDORA LTDA | AS42: ARIBACIG | AT42: Conexão ARIBACIG x S4P | AU42: PMNB | AV42: 4500778966 | AW42: 10 | AX42: Não | AY42: Joaz Souza | AZ42: 46111 | BA42: Liberado | BB42: 46127.456 | BD42: 46134 | BE42: 46139 | BF42: 4 | BG42: 4 | BH42: 0 | BI42: 46150 | BJ42: 4 | BK42: 0 | BL42: 46168 | BO42: Escrituração Realizada | BP42: 1
B43: 16428381 | C43: 20 | D43: Q | E43: Produção ind.projeto | F43: ZMAT | G43: ACRUZ10 | H43: 46063 | I43: 46073 | J43: Aprovado | K43: 46065 | L43: R4 | M43: RJB4 | N43: SPE SANEAMENTO RIO 4 S.A | O43: 5009030 | P43: RELE TEMPORIZADO TENSAO ALIMENTACAO 100 | Q43: 3 | R43: DP96 | S43: Suprimentos | T43: 263 | U43: 45880 | V43: Sim | W43: Contrato | X43: Não Urgente | Y43: Material | Z43: MATERIAIS ELÉTRICOS | AA43: U/46A.23153.A.RD.M.001 | AB43: Rede de Distribuição | AD43: 1141000003 | AJ43: 4600095704 | AK43: 150 | AL43: Natasha Amancio | AM43: 0 | AN43: 45880 | AO43: Liberado | AQ43: 151003 | AR43: ANDRA S A ELECTRIC SOLUTIONS | AS43: USERJOBS | AT43: Usuário Jobs | AU43: PGLO | AV43: 4500740122 | AW43: 10 | AX43: Não | AY43: Edney Jean | AZ43: 46069 | BA43: Liberado | BB43: 46076.426 | BE43: 46113 | BF43: 3 | BH43: 3 | BK43: 3 | BO43: Aguardando emissão NF | BP43: 1
B44: 16430051 | C44: 30 | D44: Q | E44: Produção ind.projeto | F44: ZMAT | G44: ACRUZ10 | H44: 46073 | I44: 46087 | J44: Aprovado | K44: 46076 | L44: R4 | M44: RJB4 | N44: SPE SANEAMENTO RIO 4 S.A | O44: 5032672 | P44: RELE TEMP RETARDO ENERGIZ 0,5A30MIN 110V | Q44: 15 | R44: DP98 | S44: Suprimentos | T44: 264 | U44: 46080 | W44: Spot | X44: Não Urgente | Y44: Material | Z44: MATERIAIS ELÉTRICOS | AA44: U/46A.23153.A.RD.M.001 | AB44: Rede de Distribuição | AD44: 1141000003 | AE44: 6000145404 | AF44: 20 | AG44: Victor L. Lopes | AH44: 15 | AI44: 46080 | AK44: 0 | AQ44: 106191 | AR44: PEU ELETRICIDADE LTDA. | AS44: ARIBACIG | AT44: Conexão ARIBACIG x S4P | AU44: PMNB | AV44: 4500792326 | AW44: 10 | AX44: Não | AY44: Victor L. Lopes | AZ44: 46126 | BA44: Liberado | BB44: 46127.453 | BD44: 46160 | BE44: 46195 | BF44: 15 | BH44: 15 | BK44: 15 | BO44: Aguardando emissão NF | BP44: 1
B45: 16428381 | C45: 50 | D45: Q | E45: Produção ind.projeto | F45: ZMAT | G45: ACRUZ10 | H45: 46063 | I45: 46093 | J45: Aprovado | K45: 46065 | L45: R4 | M45: RJB4 | N45: SPE SANEAMENTO RIO 4 S.A | O45: 5021247 | P45: RELE NIVEL INF SUP 220/380V 50/60HZ IP20 | Q45: 15 | R45: DP96 | S45: Suprimentos | T45: 263 | U45: 45820 | V45: Sim | W45: Contrato | X45: Não Urgente | Y45: Material | Z45: MATERIAIS ELÉTRICOS | AA45: U/46A.23153.A.RD.M.001 | AB45: Rede de Distribuição | AD45: 1141000003 | AJ45: 4600092950 | AK45: 780 | AL45: Natasha Amancio | AM45: 0 | AN45: 45820 | AO45: Liberado | AQ45: 118269 | AR45: COMERCIAL ELETRICA P J LTDA | AS45: USERJOBS | AT45: Usuário Jobs | AU45: PGLO | AV45: 4500737715 | AW45: 10 | AX45: Sim | AY45: Edney Jean | AZ45: 46065 | BA45: Liberado | BB45: 46076.432 | BE45: 46108 | BF45: 15 | BG45: 15 | BH45: 0 | BI45: 46105 | BJ45: 15 | BK45: 0 | BL45: 46105 | BO45: Escrituração Realizada | BP45: 1
B46: 16428381 | C46: 40 | D46: Q | E46: Produção ind.projeto | F46: ZMAT | G46: ACRUZ10 | H46: 46063 | I46: 46125 | J46: Aprovado | K46: 46065 | L46: R4 | M46: RJB4 | N46: SPE SANEAMENTO RIO 4 S.A | O46: 5009011 | P46: RELE NIVEL 220V CA 5A 60HZ 250V | Q46: 15 | R46: DP96 | S46: Suprimentos | T46: 73 | U46: 46118 | V46: Sim | W46: Spot | X46: Não Urgente | Y46: Material | Z46: MATERIAIS ELÉTRICOS | AA46: U/46A.23153.A.RD.M.001 | AB46: Rede de Distribuição | AD46: 1141000003 | AE46: 6000148270 | AF46: 20 | AG46: Edson Sanchez | AH46: 15 | AI46: 46118 | BO46: Requisição - Item Concluído | BP46: 1
B47: 16404745 | C47: 140 | D47: Q | E47: Produção ind.projeto | F47: ZMAT | G47: ACRUZ10 | H47: 45922 | I47: 45922 | J47: Aprovado | K47: 45922 | L47: R4 | M47: RJB4 | N47: SPE SANEAMENTO RIO 4 S.A | O47: 3006663 | P47: PORCA SEXT AC 1020 1POL | Q47: 50 | R47: DP98 | S47: Suprimentos | T47: 351 | U47: 45924 | V47: Sim | W47: Spot | X47: Não Urgente | Y47: Material | Z47: MATERIAIS MECÂNICOS | AA47: U/46A.23153.A.RD.M.001 | AB47: Rede de Distribuição | AD47: 1141000003 | AE47: 6000132920 | AF47: 230 | AG47: Marcilene Carvalho | AH47: 50 | AI47: 45924 | AK47: 0 | AQ47: 116824 | AR47: PLANAC MAQUINAS E FERRAMENTAS LTDA | AS47: ARIBACIG | AT47: Conexão ARIBACIG x S4P | AU47: PMNB | AV47: 4500621638 | AW47: 40 | AX47: Sim | AY47: Marcilene Carvalho | AZ47: 45937 | BA47: Liberado | BB47: 45947.698 | BD47: 45964 | BE47: 46011 | BF47: 50 | BG47: 50 | BH47: 0 | BI47: 45995 | BJ47: 50 | BK47: 0 | BL47: 45995 | BO47: Escrituração Realizada | BP47: 1
B48: 16404745 | C48: 130 | D48: Q | E48: Produção ind.projeto | F48: ZMAT | G48: ACRUZ10 | H48: 45922 | I48: 45922 | J48: Aprovado | K48: 45922 | L48: R4 | M48: RJB4 | N48: SPE SANEAMENTO RIO 4 S.A | O48: 3006439 | P48: PORCA AC 1020 5/16POL | Q48: 100 | R48: DP98 | S48: Suprimentos | T48: 351 | U48: 45924 | V48: Sim | W48: Spot | X48: Não Urgente | Y48: Material | Z48: MATERIAIS MECÂNICOS | AA48: U/46A.23153.A.RD.M.001 | AB48: Rede de Distribuição | AD48: 1141000003 | AE48: 6000132920 | AF48: 220 | AG48: Marcilene Carvalho | AH48: 100 | AI48: 45924 | AK48: 0 | AQ48: 116824 | AR48: PLANAC MAQUINAS E FERRAMENTAS LTDA | AS48: ARIBACIG | AT48: Conexão ARIBACIG x S4P | AU48: PMNB | AV48: 4500621638 | AW48: 30 | AX48: Sim | AY48: Marcilene Carvalho | AZ48: 45937 | BA48: Liberado | BB48: 45947.698 | BD48: 45964 | BE48: 46011 | BF48: 100 | BG48: 100 | BH48: 0 | BI48: 45995 | BJ48: 100 | BK48: 0 | BL48: 45995 | BO48: Escrituração Realizada | BP48: 1
B49: 16404745 | C49: 120 | D49: Q | E49: Produção ind.projeto | F49: ZMAT | G49: ACRUZ10 | H49: 45922 | I49: 45922 | J49: Aprovado | K49: 45922 | L49: R4 | M49: RJB4 | N49: SPE SANEAMENTO RIO 4 S.A | O49: 3006428 | P49: PORCA AC 1020 3/4POL | Q49: 100 | R49: DP98 | S49: Suprimentos | T49: 351 | U49: 45924 | V49: Sim | W49: Spot | X49: Não Urgente | Y49: Material | Z49: MATERIAIS MECÂNICOS | AA49: U/46A.23153.A.RD.M.001 | AB49: Rede de Distribuição | AD49: 1141000003 | AE49: 6000132920 | AF49: 210 | AG49: Marcilene Carvalho | AH49: 100 | AI49: 45924 | AK49: 0 | AQ49: 116824 | AR49: PLANAC MAQUINAS E FERRAMENTAS LTDA | AS49: ARIBACIG | AT49: Conexão ARIBACIG x S4P | AU49: PMNB | AV49: 4500621638 | AW49: 20 | AX49: Sim | AY49: Marcilene Carvalho | AZ49: 45937 | BA49: Liberado | BB49: 45947.698 | BD49: 45964 | BE49: 46011 | BF49: 100 | BG49: 100 | BH49: 0 | BI49: 45995 | BJ49: 100 | BK49: 0 | BL49: 45995 | BO49: Escrituração Realizada | BP49: 1
B50: 16404745 | C50: 110 | D50: Q | E50: Produção ind.projeto | F50: ZMAT | G50: ACRUZ10 | H50: 45922 | I50: 45922 | J50: Aprovado | K50: 45922 | L50: R4 | M50: RJB4 | N50: SPE SANEAMENTO RIO 4 S.A | O50: 3006405 | P50: PORCA AC 1020 1/2POL | Q50: 50 | R50: DP98 | S50: Suprimentos | T50: 351 | U50: 45924 | V50: Sim | W50: Spot | X50: Não Urgente | Y50: Material | Z50: MATERIAIS MECÂNICOS | AA50: U/46A.23153.A.RD.M.001 | AB50: Rede de Distribuição | AD50: 1141000003 | AE50: 6000132920 | AF50: 200 | AG50: Marcilene Carvalho | AH50: 50 | AI50: 45924 | AK50: 0 | AQ50: 116824 | AR50: PLANAC MAQUINAS E FERRAMENTAS LTDA | AS50: ARIBACIG | AT50: Conexão ARIBACIG x S4P | AU50: PMNB | AV50: 4500621638 | AW50: 10 | AX50: Sim | AY50: Marcilene Carvalho | AZ50: 45937 | BA50: Liberado | BB50: 45947.698 | BD50: 45964 | BE50: 46011 | BF50: 50 | BG50: 50 | BH50: 0 | BI50: 45995 | BJ50: 50 | BK50: 0 | BL50: 45995 | BO50: Escrituração Realizada | BP50: 1
B51: 16425056 | C51: 70 | D51: Q | E51: Produção ind.projeto | F51: ZMAT | G51: ACRUZ10 | H51: 46045 | I51: 46045 | J51: Aprovado | K51: 46045 | L51: R4 | M51: RJB4 | N51: SPE SANEAMENTO RIO 4 S.A | O51: 5030878 | P51: PLUGUE ENERGIA PA AZ MACHO 3P+T 32A | Q51: 5 | R51: DP98 | S51: Suprimentos | V51: Sim | W51: Spot | X51: Não Urgente | Y51: Material | Z51: MATERIAIS ELÉTRICOS | AA51: U/46A.23153.A.RD.M.001 | AB51: Rede de Distribuição | AD51: 1141000003 | BO51: Requisição - Item Concluído | BP51: 1
B52: 16438863 | C52: 60 | D52: Q | E52: Produção ind.projeto | F52: ZMAT | G52: ACRUZ10 | H52: 46122 | I52: 46132 | J52: Aprovado | K52: 46150 | L52: R4 | M52: RJB4 | N52: SPE SANEAMENTO RIO 4 S.A | O52: 5030878 | P52: PLUGUE ENERGIA PA AZ MACHO 3P+T 32A | Q52: 10 | R52: DP98 | S52: Suprimentos | T52: 73 | U52: 46171 | V52: Sim | W52: Spot | X52: Não Urgente | Y52: Material | Z52: MATERIAIS ELÉTRICOS | AA52: U/46A.23153.A.RD.M.001 | AB52: Rede de Distribuição | AD52: 1141000003 | AE52: 6000152408 | AF52: 120 | AG52: Edson Sanchez | AH52: 10 | AI52: 46171 | BO52: Cotação - em Negociação | BP52: 1
B53: 16425056 | C53: 50 | D53: Q | E53: Produção ind.projeto | F53: ZMAT | G53: ACRUZ10 | H53: 46045 | I53: 46045 | J53: Aprovado | K53: 46045 | L53: R4 | M53: RJB4 | N53: SPE SANEAMENTO RIO 4 S.A | O53: 4004439 | P53: PLUG 3P+T 63A 380/440V VM IP67 | Q53: 10 | R53: DP98 | S53: Suprimentos | V53: Sim | W53: Spot | X53: Não Urgente | Y53: Material | Z53: MATERIAIS ELÉTRICOS | AA53: U/46A.23153.A.RD.M.001 | AB53: Rede de Distribuição | AD53: 1141000003 | BO53: Requisição - Item Concluído | BP53: 1
B54: 16438863 | C54: 50 | D54: Q | E54: Produção ind.projeto | F54: ZMAT | G54: ACRUZ10 | H54: 46122 | I54: 46132 | J54: Aprovado | K54: 46150 | L54: R4 | M54: RJB4 | N54: SPE SANEAMENTO RIO 4 S.A | O54: 4004439 | P54: PLUG 3P+T 63A 380/440V VM IP67 | Q54: 10 | R54: DP98 | S54: Suprimentos | T54: 73 | U54: 46171 | V54: Sim | W54: Spot | X54: Não Urgente | Y54: Material | Z54: MATERIAIS ELÉTRICOS | AA54: U/46A.23153.A.RD.M.001 | AB54: Rede de Distribuição | AD54: 1141000003 | AE54: 6000152408 | AF54: 110 | AG54: Edson Sanchez | AH54: 10 | AI54: 46171 | BO54: Cotação - em Negociação | BP54: 1
B55: 16432794 | C55: 20 | D55: Q | E55: Produção ind.projeto | F55: ZMAT | G55: PMORAIS | H55: 46090 | I55: 46128 | J55: Aprovado | K55: 46104 | L55: R4 | M55: RJB4 | N55: SPE SANEAMENTO RIO 4 S.A | O55: 3012927 | P55: PILHA RECAREG 1,2V AA 4UN | Q55: 5 | R55: DP96 | S55: Unidade | T55: 274 | U55: 46106 | V55: Não | W55: Spot | X55: Não Urgente | Y55: Material | Z55: MATERIAIS DE USO E CONSUMO | AA55: U/46A.23153.A.RD.M.001 | AB55: Rede de Distribuição | AD55: 1141000001 | AE55: 6000147390 | AF55: 20 | AG55: Jocilene Ramos | AH55: 5 | AI55: 46106 | AK55: 0 | AQ55: 155505 | AR55: MIX FULL COMERCIO ATACADISTA LTDA | AS55: ARIBACIG | AT55: Conexão ARIBACIG x S4P | AU55: PMNB | AV55: 4500779173 | AW55: 10 | AX55: Sim | AY55: Jocilene Ramos | AZ55: 46111 | BA55: Liberado | BB55: 46119.396 | BD55: 46127 | BE55: 46127 | BF55: 5 | BG55: 5 | BH55: 0 | BI55: 46128 | BJ55: 5 | BK55: 0 | BL55: 46128 | BO55: Escrituração Realizada | BP55: 1
B56: 16429923 | C56: 10 | D56: Q | E56: Produção ind.projeto | F56: ZMAT | G56: ACRUZ10 | H56: 46073 | I56: 46083 | J56: Aprovado | K56: 46091 | L56: R4 | M56: RJB4 | N56: SPE SANEAMENTO RIO 4 S.A | O56: 5506520 | P56: PARAFUSADEIRA FURADEIRA 110/220V | Q56: 1 | R56: DP96 | S56: Unidade | T56: 317 | U56: 45615 | V56: Sim | W56: Contrato | X56: Não Urgente | Y56: Material | Z56: FERRAMENTAS | AA56: U/46A.23153.A.RD.M.001 | AB56: Rede de Distribuição | AD56: 1141000001 | AJ56: 4600081497 | AK56: 860 | AL56: Fernando Gonçalo | AM56: 0 | AN56: 45615 | AO56: Liberado | AQ56: 100231 | AR56: ANHANGUERA COMERCIO DE FERRAMENTASL | AS56: USERJOBS | AT56: Usuário Jobs | AU56: PGLO | AV56: 4500760393 | AW56: 10 | AX56: Não | AY56: Edney Jean | AZ56: 46091 | BA56: Liberado | BB56: 46119.404 | BF56: 1 | BH56: 1 | BK56: 1 | BO56: Aguardando emissão NF | BP56: 1
B57: 16429923 | C57: 20 | D57: Q | E57: Produção ind.projeto | F57: ZMAT | G57: ACRUZ10 | H57: 46073 | I57: 46087 | J57: Aprovado | K57: 46091 | L57: R4 | M57: RJB4 | N57: SPE SANEAMENTO RIO 4 S.A | O57: 5542374 | P57: PARAFUSADEIRA ELETR IMPAC A BATERIA 40V | Q57: 1 | R57: DP96 | S57: Suprimentos | T57: 194 | U57: 46094 | V57: Sim | W57: Spot | X57: Não Urgente | Y57: Material | Z57: FERRAMENTAS | AA57: U/46A.23153.A.RD.M.001 | AB57: Rede de Distribuição | AD57: 1141000001 | AE57: 6000146533 | AF57: 20 | AG57: Joaz Souza | AH57: 1 | AI57: 46094 | AK57: 0 | AQ57: 149740 | AR57: BERTOLA CIA LTDA | AS57: ARIBACIG | AT57: Conexão ARIBACIG x S4P | AU57: PMNB | AV57: 4500771313 | AW57: 10 | AX57: Não | AY57: Joaz Souza | AZ57: 46098 | BA57: Liberado | BB57: 46119.399 | BD57: 46146 | BE57: 46174 | BF57: 1 | BH57: 1 | BK57: 1 | BO57: Aguardando emissão NF | BP57: 1
B58: 16432776 | C58: 30 | D58: Q | E58: Produção ind.projeto | F58: ZMAT | G58: PMORAIS | H58: 46090 | I58: 46128 | J58: Aprovado | K58: 46104 | L58: R4 | M58: RJB4 | N58: SPE SANEAMENTO RIO 4 S.A | O58: 4005283 | P58: MICRO OLEO DESENGRIPANTE AEROSSOL 300ML | Q58: 15 | R58: DP98 | S58: Suprimentos | T58: 349 | U58: 46156 | V58: Sim | W58: Spot | X58: Não Urgente | Y58: Material | Z58: LUBRIFICANTES | AA58: U/46A.23153.A.RD.M.001 | AB58: Rede de Distribuição | AD58: 1141000003 | AE58: 6000151201 | AF58: 10 | AG58: Diego Rocha | AH58: 15 | AI58: 46156 | BO58: Cotação - em Negociação | BP58: 1
B59: 16439134 | C59: 10 | D59: Q | E59: Produção ind.projeto | F59: ZMAT | G59: ACRUZ10 | H59: 46125 | I59: 46185 | J59: Aprovado | K59: 46150 | L59: R4 | M59: RJB4 | N59: SPE SANEAMENTO RIO 4 S.A | O59: 5516370 | P59: MEGOMETRO PORTATIL MINIPA MI-2552 | Q59: 1 | R59: DP98 | S59: Unidade | T59: 317 | U59: 45614 | V59: Sim | W59: Contrato | X59: Não Urgente | Y59: Material | Z59: FERRAMENTAS | AA59: U/46A.23153.A.RD.M.001 | AB59: Rede de Distribuição | AD59: 1141000001 | AJ59: 4600081322 | AK59: 750 | AL59: Fernando Gonçalo | AM59: 0 | AN59: 45614 | AO59: Liberado | AQ59: 117810 | AR59: NORTEL SUPRIMENTOS INDUSTRIAIS LTDA | AS59: USERJOBS | AT59: Usuário Jobs | AU59: PGLO | AV59: 4500814579 | AW59: 10 | AX59: Não | AY59: Edney Jean | AZ59: 46150 | BA59: Liberado | BB59: 46163.432 | BE59: 46223 | BF59: 1 | BH59: 1 | BK59: 1 | BO59: Aguardando emissão NF | BP59: 1
B60: 16439134 | C60: 20 | D60: Q | E60: Produção ind.projeto | F60: ZMAT | G60: ACRUZ10 | H60: 46125 | I60: 46132 | J60: Aprovado | K60: 46150 | L60: R4 | M60: RJB4 | N60: SPE SANEAMENTO RIO 4 S.A | O60: 5507938 | P60: MEGOMETRO PORTATIL 1000V | Q60: 1 | R60: DP98 | S60: Unidade | T60: 317 | U60: 45614 | V60: Sim | W60: Contrato | X60: Não Urgente | Y60: Material | Z60: FERRAMENTAS | AA60: U/46A.23153.A.RD.M.001 | AB60: Rede de Distribuição | AD60: 1141000001 | AJ60: 4600081329 | AK60: 430 | AL60: Fernando Gonçalo | AM60: 0 | AN60: 45614 | AO60: Liberado | AQ60: 119302 | AR60: FERRAMENTASGERAISCOM.IMPDEFERRAM.EM | AS60: USERJOBS | AT60: Usuário Jobs | AU60: PGLO | AV60: 4500814599 | AW60: 10 | AX60: Não | AY60: Edney Jean | AZ60: 46150 | BA60: Liberado | BB60: 46163.431 | BD60: 46157 | BF60: 1 | BH60: 1 | BK60: 1 | BO60: Aguardando emissão NF | BP60: 1
B61: 16421260 | C61: 10 | D61: Q | E61: Produção ind.projeto | F61: ZMAT | G61: ACRUZ10 | H61: 46024 | I61: 46038 | J61: Aprovado | K61: 46027 | L61: R4 | M61: RJB4 | N61: SPE SANEAMENTO RIO 4 S.A | O61: 2004301 | P61: MASSA PLAST PAST CZ LT 400GR | Q61: 10 | R61: DP96 | S61: Unidade | T61: 37 | U61: 46029 | V61: Não | W61: Spot | X61: Não Urgente | Y61: Material | Z61: CONSTRUÇÃO CIVIL | AA61: U/46A.23153.A.RD.M.001 | AB61: Rede de Distribuição | AD61: 1141000003 | AE61: 6000140916 | AF61: 160 | AG61: Beatriz Serafim | AH61: 10 | AI61: 46029 | AK61: 0 | AQ61: 131829 | AR61: MAXPLAST PRODUTOS INDUSTRIAIS LTDA | AS61: ARIBACIG | AT61: Conexão ARIBACIG x S4P | AU61: PMNB | AV61: 4500716344 | AW61: 10 | AX61: Sim | AY61: Beatriz Serafim | AZ61: 46038 | BA61: Liberado | BB61: 46041.316 | BD61: 46073 | BE61: 46073 | BF61: 10 | BG61: 10 | BH61: 0 | BI61: 46044 | BJ61: 10 | BK61: 0 | BL61: 46044 | BO61: Escrituração Realizada | BP61: 1
B62: 16430051 | C62: 10 | D62: Q | E62: Produção ind.projeto | F62: ZMAT | G62: ACRUZ10 | H62: 46073 | I62: 46083 | J62: Aprovado | K62: 46076 | L62: R4 | M62: RJB4 | N62: SPE SANEAMENTO RIO 4 S.A | O62: 2004301 | P62: MASSA PLAST PAST CZ LT 400GR | Q62: 10 | R62: DP96 | S62: Unidade | T62: 156 | U62: 46078 | V62: Não | W62: Spot | X62: Não Urgente | Y62: Material | Z62: CONSTRUÇÃO CIVIL | AA62: U/46A.23153.A.RD.M.001 | AB62: Rede de Distribuição | AD62: 1141000003 | AE62: 6000145134 | AF62: 180 | AG62: André Queiroz | AH62: 10 | AI62: 46078 | AK62: 0 | AQ62: 153151 | AR62: EPI LIMP DISTRIBUIDORA COMERCIAL LT | AS62: ARIBACIG | AT62: Conexão ARIBACIG x S4P | AU62: PMNB | AV62: 4500751393 | AW62: 10 | AX62: Sim | AY62: André Queiroz | AZ62: 46084 | BA62: Liberado | BB62: 46119.404 | BD62: 46132 | BE62: 46132 | BF62: 10 | BG62: 10 | BH62: 0 | BI62: 46126 | BJ62: 10 | BK62: 0 | BL62: 46126 | BO62: Escrituração Realizada | BP62: 1
B63: 16428381 | C63: 10 | D63: Q | E63: Produção ind.projeto | F63: ZMAT | G63: ACRUZ10 | H63: 46063 | I63: 46073 | J63: Aprovado | K63: 46065 | L63: R4 | M63: RJB4 | N63: SPE SANEAMENTO RIO 4 S.A | O63: 3001935 | P63: MARCADOR IND 2MM AMARELA TB 60ML | Q63: 3 | R63: DP96 | S63: Unidade | T63: 156 | U63: 46072 | V63: Não | W63: Spot | X63: Não Urgente | Y63: Material | Z63: MATERIAIS DE USO E CONSUMO | AA63: U/46A.23153.A.RD.M.001 | AB63: Rede de Distribuição | AD63: 1141000001 | AE63: 6000144632 | AF63: 40 | AG63: André Queiroz | AH63: 3 | AI63: 46072 | AK63: 0 | AQ63: 153151 | AR63: EPI LIMP DISTRIBUIDORA COMERCIAL LT | AS63: ARIBACIG | AT63: Conexão ARIBACIG x S4P | AU63: PMNB | AV63: 4500750655 | AW63: 10 | AX63: Sim | AY63: André Queiroz | AZ63: 46083 | BA63: Liberado | BB63: 46119.405 | BD63: 46120 | BE63: 46120 | BF63: 3 | BG63: 3 | BH63: 0 | BI63: 46126 | BJ63: 3 | BK63: 0 | BL63: 46126 | BO63: Escrituração Realizada | BP63: 1
B64: 16448022 | C64: 10 | D64: Q | E64: Produção ind.projeto | F64: ZMAT | G64: TTORRES | H64: 46169 | I64: 46188 | J64: Aprovado | K64: 46170 | L64: R4 | M64: RJB4 | N64: SPE SANEAMENTO RIO 4 S.A | O64: 3009745 | P64: MALA FERRAMENTA 16POL TECIDO | Q64: 16 | R64: DP98 | S64: Suprimentos | T64: 349 | U64: 46174 | V64: Sim | W64: Spot | X64: Não Urgente | Y64: Material | Z64: FERRAMENTAS | AA64: U/46A.23153.A.RD.M.001 | AB64: Rede de Distribuição | AD64: 1141000001 | AE64: 6000152549 | AF64: 150 | AG64: Diego Rocha | AH64: 16 | AI64: 46174 | BO64: Cotação - em Negociação | BP64: 1
B65: 16426739 | C65: 190 | D65: Q | E65: Produção ind.projeto | F65: ZMAT | G65: ACRUZ10 | H65: 46056 | I65: 46076 | J65: Aprovado | K65: 46065 | L65: R4 | M65: RJB4 | N65: SPE SANEAMENTO RIO 4 S.A | O65: 7502408 | P65: LUVA SEG PA PT TAM XXG | Q65: 10 | R65: DP98 | S65: Suprimentos | T65: 264 | U65: 46066 | W65: Spot | X65: Não Urgente | Y65: Material | Z65: EPI E EPC | AA65: U/46A.23153.A.RD.M.001 | AB65: Rede de Distribuição | AD65: 1141000003 | AE65: 6000144207 | AF65: 130 | AG65: Victor L. Lopes | AH65: 10 | AI65: 46066 | AK65: 0 | AQ65: 153819 | AR65: ITURRI COIMPAR INDUSTRIA E COMERCIO | AS65: ARIBACIG | AT65: Conexão ARIBACIG x S4P | AU65: PMNB | AV65: 4500779259 | AW65: 50 | AX65: Não | AY65: Victor L. Lopes | AZ65: 46112 | BA65: Liberado | BB65: 46113.393 | BD65: 46134 | BE65: 46134 | BF65: 10 | BH65: 10 | BK65: 10 | BO65: Aguardando emissão NF | BP65: 1
B66: 16426739 | C66: 180 | D66: Q | E66: Produção ind.projeto | F66: ZMAT | G66: ACRUZ10 | H66: 46056 | I66: 46076 | J66: Aprovado | K66: 46065 | L66: R4 | M66: RJB4 | N66: SPE SANEAMENTO RIO 4 S.A | O66: 7502420 | P66: LUVA SEG PA PT TAM XG | Q66: 15 | R66: DP98 | S66: Suprimentos | T66: 264 | U66: 46066 | W66: Spot | X66: Não Urgente | Y66: Material | Z66: EPI E EPC | AA66: U/46A.23153.A.RD.M.001 | AB66: Rede de Distribuição | AD66: 1141000003 | AE66: 6000144207 | AF66: 120 | AG66: Victor L. Lopes | AH66: 15 | AI66: 46066 | AK66: 0 | AQ66: 153819 | AR66: ITURRI COIMPAR INDUSTRIA E COMERCIO | AS66: ARIBACIG | AT66: Conexão ARIBACIG x S4P | AU66: PMNB | AV66: 4500779259 | AW66: 40 | AX66: Não | AY66: Victor L. Lopes | AZ66: 46112 | BA66: Liberado | BB66: 46113.393 | BD66: 46134 | BE66: 46134 | BF66: 15 | BH66: 15 | BK66: 15 | BO66: Aguardando emissão NF | BP66: 1
B67: 16426739 | C67: 170 | D67: Q | E67: Produção ind.projeto | F67: ZMAT | G67: ACRUZ10 | H67: 46056 | I67: 46076 | J67: Aprovado | K67: 46065 | L67: R4 | M67: RJB4 | N67: SPE SANEAMENTO RIO 4 S.A | O67: 7500382 | P67: LUVA SEG PA PT TAM M PT QUIM MEC | Q67: 10 | R67: DP98 | S67: Suprimentos | T67: 264 | U67: 46066 | V67: Sim | W67: Spot | X67: Não Urgente | Y67: Material | Z67: EPI E EPC | AA67: U/46A.23153.A.RD.M.001 | AB67: Rede de Distribuição | AD67: 1141000003 | AE67: 6000144207 | AF67: 110 | AG67: Victor L. Lopes | AH67: 10 | AI67: 46066 | AK67: 0 | AQ67: 153819 | AR67: ITURRI COIMPAR INDUSTRIA E COMERCIO | AS67: ARIBACIG | AT67: Conexão ARIBACIG x S4P | AU67: PMNB | AV67: 4500779259 | AW67: 30 | AX67: Não | AY67: Victor L. Lopes | AZ67: 46112 | BA67: Liberado | BB67: 46113.393 | BD67: 46134 | BE67: 46134 | BF67: 10 | BG67: 10 | BH67: 0 | BI67: 46188 | BJ67: 10 | BK67: 0 | BL67: 46188 | BO67: Escrituração Realizada | BP67: 1
B68: 16426739 | C68: 160 | D68: Q | E68: Produção ind.projeto | F68: ZMAT | G68: ACRUZ10 | H68: 46056 | I68: 46076 | J68: Aprovado | K68: 46065 | L68: R4 | M68: RJB4 | N68: SPE SANEAMENTO RIO 4 S.A | O68: 7502407 | P68: LUVA SEG PA PT TAM GG | Q68: 15 | R68: DP98 | S68: Suprimentos | T68: 264 | U68: 46066 | W68: Spot | X68: Não Urgente | Y68: Material | Z68: EPI E EPC | AA68: U/46A.23153.A.RD.M.001 | AB68: Rede de Distribuição | AD68: 1141000003 | AE68: 6000144207 | AF68: 100 | AG68: Victor L. Lopes | AH68: 15 | AI68: 46066 | AK68: 0 | AQ68: 153819 | AR68: ITURRI COIMPAR INDUSTRIA E COMERCIO | AS68: ARIBACIG | AT68: Conexão ARIBACIG x S4P | AU68: PMNB | AV68: 4500779259 | AW68: 20 | AX68: Não | AY68: Victor L. Lopes | AZ68: 46112 | BA68: Liberado | BB68: 46113.393 | BD68: 46134 | BE68: 46134 | BF68: 15 | BG68: 15 | BH68: 0 | BI68: 46188 | BJ68: 15 | BK68: 0 | BL68: 46188 | BO68: Escrituração Realizada | BP68: 1
B69: 16426739 | C69: 150 | D69: Q | E69: Produção ind.projeto | F69: ZMAT | G69: ACRUZ10 | H69: 46056 | I69: 46076 | J69: Aprovado | K69: 46065 | L69: R4 | M69: RJB4 | N69: SPE SANEAMENTO RIO 4 S.A | O69: 7502421 | P69: LUVA SEG PA PT TAM G | Q69: 15 | R69: DP98 | S69: Suprimentos | T69: 264 | U69: 46066 | W69: Spot | X69: Não Urgente | Y69: Material | Z69: EPI E EPC | AA69: U/46A.23153.A.RD.M.001 | AB69: Rede de Distribuição | AD69: 1141000003 | AE69: 6000144207 | AF69: 90 | AG69: Victor L. Lopes | AH69: 15 | AI69: 46066 | AK69: 0 | AQ69: 153819 | AR69: ITURRI COIMPAR INDUSTRIA E COMERCIO | AS69: ARIBACIG | AT69: Conexão ARIBACIG x S4P | AU69: PMNB | AV69: 4500779259 | AW69: 10 | AX69: Não | AY69: Victor L. Lopes | AZ69: 46112 | BA69: Liberado | BB69: 46113.393 | BD69: 46134 | BE69: 46134 | BF69: 15 | BG69: 15 | BH69: 0 | BI69: 46188 | BJ69: 15 | BK69: 0 | BL69: 46188 | BO69: Escrituração Realizada | BP69: 1
B70: 16426739 | C70: 220 | D70: Q | E70: Produção ind.projeto | F70: ZMAT | G70: ACRUZ10 | H70: 46056 | I70: 46086 | J70: Aprovado | K70: 46065 | L70: R4 | M70: RJB4 | N70: SPE SANEAMENTO RIO 4 S.A | O70: 7500393 | P70: LUVA PROT TERMICA AGENTES MEC 9/G | Q70: 20 | R70: DP98 | S70: Unidade | T70: 391 | U70: 45499 | V70: Sim | W70: Contrato | X70: Não Urgente | Y70: Material | Z70: EPI E EPC | AA70: U/46A.23153.A.RD.M.001 | AB70: Rede de Distribuição | AD70: 1141000003 | AJ70: 4600068250 | AK70: 410 | AL70: Tamires A. Rodrigu | AM70: 0 | AN70: 45499 | AO70: Liberado | AQ70: 130649 | AR70: 3G COMERCIO E EQUIPAMENTOS LTDA | AS70: USERJOBS | AT70: Usuário Jobs | AU70: PGLO | AV70: 4500738264 | AW70: 20 | AX70: Sim | AY70: Edney Jean | AZ70: 46066 | BA70: Liberado | BB70: 46119.405 | BE70: 46142 | BF70: 20 | BG70: 20 | BH70: 0 | BI70: 46156 | BJ70: 20 | BK70: 0 | BL70: 46156 | BO70: Escrituração Realizada | BP70: 1
B71: 16426739 | C71: 200 | D71: Q | E71: Produção ind.projeto | F71: ZMAT | G71: ACRUZ10 | H71: 46056 | I71: 46076 | J71: Aprovado | K71: 46065 | L71: R4 | M71: RJB4 | N71: SPE SANEAMENTO RIO 4 S.A | O71: 7500224 | P71: LUVA PROT TERMICA AGENTES MEC 11/XG | Q71: 20 | R71: DP98 | S71: Suprimentos | T71: 264 | U71: 46066 | V71: Sim | W71: Spot | X71: Não Urgente | Y71: Material | Z71: EPI E EPC | AA71: U/46A.23153.A.RD.M.001 | AB71: Rede de Distribuição | AD71: 1141000003 | AE71: 6000144207 | AF71: 140 | AG71: Victor L. Lopes | AH71: 20 | AI71: 46066 | AK71: 0 | AQ71: 153819 | AR71: ITURRI COIMPAR INDUSTRIA E COMERCIO | AS71: ARIBACIG | AT71: Conexão ARIBACIG x S4P | AU71: PMNB | AV71: 4500779259 | AW71: 60 | AX71: Não | AY71: Victor L. Lopes | AZ71: 46112 | BA71: Liberado | BB71: 46113.393 | BD71: 46139 | BE71: 46139 | BF71: 20 | BH71: 20 | BK71: 20 | BO71: Aguardando emissão NF | BP71: 1
B72: 16426739 | C72: 210 | D72: Q | E72: Produção ind.projeto | F72: ZMAT | G72: ACRUZ10 | H72: 46056 | I72: 46086 | J72: Aprovado | K72: 46065 | L72: R4 | M72: RJB4 | N72: SPE SANEAMENTO RIO 4 S.A | O72: 7500472 | P72: LUVA PROT TERMICA AGENTES MEC 10/GG | Q72: 20 | R72: DP98 | S72: Unidade | T72: 391 | U72: 45499 | V72: Sim | W72: Contrato | X72: Não Urgente | Y72: Material | Z72: EPI E EPC | AA72: U/46A.23153.A.RD.M.001 | AB72: Rede de Distribuição | AD72: 1141000003 | AJ72: 4600068250 | AK72: 710 | AL72: Tamires A. Rodrigu | AM72: 0 | AN72: 45499 | AO72: Liberado | AQ72: 130649 | AR72: 3G COMERCIO E EQUIPAMENTOS LTDA | AS72: USERJOBS | AT72: Usuário Jobs | AU72: PGLO | AV72: 4500738264 | AW72: 10 | AX72: Sim | AY72: Edney Jean | AZ72: 46066 | BA72: Liberado | BB72: 46119.405 | BE72: 46142 | BF72: 20 | BG72: 20 | BH72: 0 | BI72: 46156 | BJ72: 20 | BK72: 0 | BL72: 46156 | BO72: Escrituração Realizada | BP72: 1
B73: 16404745 | C73: 30 | D73: Q | E73: Produção ind.projeto | F73: ZMAT | G73: ACRUZ10 | H73: 45922 | I73: 45929 | J73: Aprovado | K73: 45922 | L73: R4 | M73: RJB4 | N73: SPE SANEAMENTO RIO 4 S.A | O73: 4006869 | P73: LUVA ACOPLAMENTO 240MM | Q73: 2 | R73: DP98 | S73: Suprimentos | T73: 351 | U73: 45924 | V73: Sim | W73: Spot | X73: Não Urgente | Y73: Material | Z73: MATERIAIS MECÂNICOS | AA73: U/46A.23153.A.RD.M.001 | AB73: Rede de Distribuição | AD73: 1141000003 | AE73: 6000132917 | AF73: 20 | AG73: Marcilene Carvalho | AH73: 2 | AI73: 45924 | AK73: 0 | AQ73: 100011 | AR73: ACRIFLEX IND COM. ACOPLAMENTOS LTDA | AS73: ARIBACIG | AT73: Conexão ARIBACIG x S4P | AU73: PMNB | AV73: 4500618537 | AW73: 10 | AX73: Não | AY73: Marcilene Carvalho | AZ73: 45931 | BA73: Liberado | BB73: 45932.355 | BD73: 45936 | BE73: 45936 | BF73: 2 | BG73: 2 | BH73: 0 | BI73: 45951 | BJ73: 2 | BK73: 0 | BL73: 45951 | BO73: Escrituração Realizada | BP73: 1
B74: 16404745 | C74: 40 | D74: Q | E74: Produção ind.projeto | F74: ZMAT | G74: ACRUZ10 | H74: 45922 | I74: 45929 | J74: Aprovado | K74: 45922 | L74: R4 | M74: RJB4 | N74: SPE SANEAMENTO RIO 4 S.A | O74: 4006867 | P74: LUVA ACOPLAMENTO 194MM | Q74: 4 | R74: DP98 | S74: Suprimentos | T74: 351 | U74: 45924 | V74: Sim | W74: Spot | X74: Não Urgente | Y74: Material | Z74: MATERIAIS MECÂNICOS | AA74: U/46A.23153.A.RD.M.001 | AB74: Rede de Distribuição | AD74: 1141000003 | AE74: 6000132917 | AF74: 30 | AG74: Marcilene Carvalho | AH74: 4 | AI74: 45924 | AK74: 0 | AQ74: 100011 | AR74: ACRIFLEX IND COM. ACOPLAMENTOS LTDA | AS74: ARIBACIG | AT74: Conexão ARIBACIG x S4P | AU74: PMNB | AV74: 4500618537 | AW74: 20 | AX74: Não | AY74: Marcilene Carvalho | AZ74: 45931 | BA74: Liberado | BB74: 45932.355 | BD74: 45936 | BE74: 45936 | BF74: 4 | BG74: 4 | BH74: 0 | BI74: 45951 | BJ74: 4 | BK74: 0 | BL74: 45951 | BO74: Escrituração Realizada | BP74: 1
B75: 16404745 | C75: 50 | D75: Q | E75: Produção ind.projeto | F75: ZMAT | G75: ACRUZ10 | H75: 45922 | I75: 45929 | J75: Aprovado | K75: 45922 | L75: R4 | M75: RJB4 | N75: SPE SANEAMENTO RIO 4 S.A | O75: 4006866 | P75: LUVA ACOPLAMENTO 168MM | Q75: 4 | R75: DP98 | S75: Suprimentos | T75: 351 | U75: 45924 | V75: Sim | W75: Spot | X75: Não Urgente | Y75: Material | Z75: MATERIAIS MECÂNICOS | AA75: U/46A.23153.A.RD.M.001 | AB75: Rede de Distribuição | AD75: 1141000003 | AE75: 6000132917 | AF75: 40 | AG75: Marcilene Carvalho | AH75: 4 | AI75: 45924 | AK75: 0 | AQ75: 100011 | AR75: ACRIFLEX IND COM. ACOPLAMENTOS LTDA | AS75: ARIBACIG | AT75: Conexão ARIBACIG x S4P | AU75: PMNB | AV75: 4500618537 | AW75: 30 | AX75: Não | AY75: Marcilene Carvalho | AZ75: 45931 | BA75: Liberado | BB75: 45932.355 | BD75: 45936 | BE75: 45936 | BF75: 4 | BG75: 4 | BH75: 0 | BI75: 45951 | BJ75: 4 | BK75: 0 | BL75: 45951 | BO75: Escrituração Realizada | BP75: 1
B76: 16432776 | C76: 20 | D76: Q | E76: Produção ind.projeto | F76: ZMAT | G76: PMORAIS | H76: 46090 | I76: 46128 | J76: Aprovado | K76: 46104 | L76: R4 | M76: RJB4 | N76: SPE SANEAMENTO RIO 4 S.A | O76: 5006400 | P76: LIMPA CONTATO LIQ TB SPR 300ML | Q76: 15 | R76: DP98 | S76: Unidade | T76: 317 | U76: 45615 | V76: Sim | W76: Contrato | X76: Não Urgente | Y76: Material | Z76: LUBRIFICANTES | AA76: U/46A.23153.A.RD.M.001 | AB76: Rede de Distribuição | AD76: 1141000001 | AJ76: 4600081493 | AK76: 500 | AL76: Fernando Gonçalo | AM76: 0 | AN76: 45615 | AO76: Liberado | AQ76: 100231 | AR76: ANHANGUERA COMERCIO DE FERRAMENTASL | AS76: USERJOBS | AT76: Usuário Jobs | AU76: PGLO | AV76: 4500791420 | AW76: 20 | AX76: Não | AY76: Edney Jean | AZ76: 46126 | BA76: Liberado | BB76: 46126.614 | BE76: 46157 | BF76: 15 | BG76: 15 | BH76: 0 | BI76: 46168 | BJ76: 15 | BK76: 0 | BL76: 46168 | BO76: Escrituração Realizada | BP76: 1
B77: 16432794 | C77: 80 | D77: Q | E77: Produção ind.projeto | F77: ZMAT | G77: PMORAIS | H77: 46090 | I77: 46128 | J77: Aprovado | K77: 46104 | L77: R4 | M77: RJB4 | N77: SPE SANEAMENTO RIO 4 S.A | O77: 2001218 | P77: LENCOL BORR PT 4MM | Q77: 5 | R77: DP98 | S77: Unidade | T77: 37 | U77: 46105 | V77: Não | W77: Spot | X77: Não Urgente | Y77: Material | Z77: CONSTRUÇÃO CIVIL | AA77: U/46A.23153.A.RD.M.001 | AB77: Rede de Distribuição | AD77: 1141000003 | AE77: 6000147343 | AF77: 60 | AG77: Beatriz Serafim | AH77: 5 | AI77: 46105 | AK77: 0 | AQ77: 148989 | AR77: MADUREIRA EPI COMERCIO LTDA | AS77: ARIBACIG | AT77: Conexão ARIBACIG x S4P | AU77: PMNB | AV77: 4500782412 | AW77: 20 | AX77: Sim | AY77: Beatriz Serafim | AZ77: 46114 | BA77: Liberado | BB77: 46119.394 | BD77: 46147 | BE77: 46147 | BF77: 5 | BG77: 5 | BH77: 0 | BI77: 46156 | BJ77: 5 | BK77: 0 | BL77: 46156 | BO77: Escrituração Realizada | BP77: 1
B78: 16432794 | C78: 70 | D78: Q | E78: Produção ind.projeto | F78: ZMAT | G78: PMORAIS | H78: 46090 | I78: 46128 | J78: Aprovado | K78: 46104 | L78: R4 | M78: RJB4 | N78: SPE SANEAMENTO RIO 4 S.A | O78: 2001217 | P78: LENCOL BORR PT 3MM | Q78: 5 | R78: DP98 | S78: Unidade | T78: 37 | U78: 46105 | V78: Não | W78: Spot | X78: Não Urgente | Y78: Material | Z78: CONSTRUÇÃO CIVIL | AA78: U/46A.23153.A.RD.M.001 | AB78: Rede de Distribuição | AD78: 1141000003 | AE78: 6000147343 | AF78: 50 | AG78: Beatriz Serafim | AH78: 5 | AI78: 46105 | AK78: 0 | AQ78: 131829 | AR78: MAXPLAST PRODUTOS INDUSTRIAIS LTDA | AS78: ARIBACIG | AT78: Conexão ARIBACIG x S4P | AU78: PMNB | AV78: 4500782408 | AW78: 10 | AX78: Sim | AY78: Beatriz Serafim | AZ78: 46114 | BA78: Liberado | BB78: 46119.394 | BD78: 46203 | BE78: 46147 | BF78: 5 | BH78: 5 | BK78: 5 | BO78: Aguardando emissão NF | BP78: 1
B79: 16432794 | C79: 60 | D79: Q | E79: Produção ind.projeto | F79: ZMAT | G79: PMORAIS | H79: 46090 | I79: 46128 | J79: Aprovado | K79: 46104 | L79: R4 | M79: RJB4 | N79: SPE SANEAMENTO RIO 4 S.A | O79: 2001216 | P79: LENCOL BORR PT 2MM | Q79: 2 | R79: DP98 | S79: Unidade | T79: 37 | U79: 46105 | V79: Não | W79: Spot | X79: Não Urgente | Y79: Material | Z79: CONSTRUÇÃO CIVIL | AA79: U/46A.23153.A.RD.M.001 | AB79: Rede de Distribuição | AD79: 1141000003 | AE79: 6000147343 | AF79: 40 | AG79: Beatriz Serafim | AH79: 2 | AI79: 46105 | AK79: 0 | AQ79: 148989 | AR79: MADUREIRA EPI COMERCIO LTDA | AS79: ARIBACIG | AT79: Conexão ARIBACIG x S4P | AU79: PMNB | AV79: 4500782412 | AW79: 10 | AX79: Sim | AY79: Beatriz Serafim | AZ79: 46114 | BA79: Liberado | BB79: 46119.394 | BD79: 46147 | BE79: 46147 | BF79: 2 | BG79: 2 | BH79: 0 | BI79: 46156 | BJ79: 2 | BK79: 0 | BL79: 46156 | BO79: Escrituração Realizada | BP79: 1
B80: 16429923 | C80: 40 | D80: Q | E80: Produção ind.projeto | F80: ZMAT | G80: ACRUZ10 | H80: 46073 | I80: 46087 | J80: Aprovado | K80: 46091 | L80: R4 | M80: RJB4 | N80: SPE SANEAMENTO RIO 4 S.A | O80: 5540903 | P80: KIT FERRAM BITS/SOQUETES 43PCS | Q80: 2 | R80: DP96 | S80: Suprimentos | T80: 194 | U80: 46094 | V80: Sim | W80: Spot | X80: Não Urgente | Y80: Material | Z80: FERRAMENTAS | AA80: U/46A.23153.A.RD.M.001 | AB80: Rede de Distribuição | AD80: 1141000001 | AE80: 6000146533 | AF80: 30 | AG80: Joaz Souza | AH80: 2 | AI80: 46094 | AK80: 0 | AQ80: 149740 | AR80: BERTOLA CIA LTDA | AS80: ARIBACIG | AT80: Conexão ARIBACIG x S4P | AU80: PMNB | AV80: 4500771313 | AW80: 20 | AX80: Não | AY80: Joaz Souza | AZ80: 46098 | BA80: Liberado | BB80: 46119.399 | BD80: 46146 | BE80: 46174 | BF80: 2 | BH80: 2 | BK80: 2 | BO80: Aguardando emissão NF | BP80: 1
B81: 16425056 | C81: 100 | D81: Q | E81: Produção ind.projeto | F81: ZMAT | G81: ACRUZ10 | H81: 46045 | I81: 46105 | J81: Aprovado | K81: 46045 | L81: R4 | M81: RJB4 | N81: SPE SANEAMENTO RIO 4 S.A | O81: 5506551 | P81: JG CHAVE FENDA SIMP CRUZ ISOL 1000V 7UN | Q81: 15 | R81: DP98 | S81: Unidade | T81: 317 | U81: 45614 | V81: Sim | W81: Contrato | X81: Não Urgente | Y81: Material | Z81: FERRAMENTAS | AA81: U/46A.23153.A.RD.M.001 | AB81: Rede de Distribuição | AD81: 1141000001 | AJ81: 4600081306 | AK81: 390 | AL81: Fernando Gonçalo | AM81: 0 | AN81: 45614 | AO81: Liberado | AQ81: 117810 | AR81: NORTEL SUPRIMENTOS INDUSTRIAIS LTDA | AS81: FDGONCALO | AT81: Fernando Domingues Goncalo | AU81: PGLO | AV81: 4500737223 | AW81: 20 | AX81: Não | AY81: Edney Jean | AZ81: 46065 | BA81: Liberado | BB81: 46065.755 | BE81: 46157 | BF81: 15 | BG81: 15 | BH81: 0 | BI81: 46105 | BJ81: 15 | BK81: 0 | BL81: 46105 | BO81: Escrituração Realizada | BP81: 1
B82: 16436772 | C82: 10 | D82: Q | E82: Produção ind.projeto | F82: ZMAT | G82: ACRUZ10 | H82: 46111 | I82: 46122 | J82: Aprovado | K82: 46119 | L82: R4 | M82: RJB4 | N82: SPE SANEAMENTO RIO 4 S.A | O82: 5541363 | P82: INVERSOR FREQ TRI 75W 380/480V 140A | Q82: 1 | R82: DP98 | S82: Suprimentos | V82: Sim | W82: Spot | X82: Não Urgente | Y82: Material | Z82: MATERIAIS ELÉTRICOS | AA82: U/46A.23153.A.RD.M.001 | AB82: Rede de Distribuição | AD82: 1141000003 | BO82: Requisição - Item Concluído | BP82: 1
B83: 16428381 | C83: 30 | D83: Q | E83: Produção ind.projeto | F83: ZMAT | G83: ACRUZ10 | H83: 46063 | I83: 46073 | J83: Aprovado | K83: 46065 | L83: R4 | M83: RJB4 | N83: SPE SANEAMENTO RIO 4 S.A | O83: 5032516 | P83: GRAVADOR METAL ELETR 7100RPM 10W 127V | Q83: 2 | R83: DP96 | S83: Suprimentos | T83: 63 | U83: 46069 | W83: Spot | X83: Não Urgente | Y83: Material | Z83: FERRAMENTAS | AA83: U/46A.23153.A.RD.M.001 | AB83: Rede de Distribuição | AD83: 1141000001 | AE83: 6000144391 | AF83: 380 | AG83: Luciara Oliveira | AH83: 2 | AI83: 46069 | AK83: 0 | AQ83: 119302 | AR83: FERRAMENTASGERAISCOM.IMPDEFERRAM.EM | AS83: ARIBACIG | AT83: Conexão ARIBACIG x S4P | AU83: PMNB | AV83: 4500748185 | AW83: 10 | AX83: Não | AY83: Luciara Oliveira | AZ83: 46078 | BA83: Liberado | BB83: 46078.412 | BD83: 46083 | BE83: 46129 | BF83: 2 | BG83: 2 | BH83: 0 | BI83: 46127 | BJ83: 2 | BK83: 0 | BL83: 46127 | BO83: Escrituração Realizada | BP83: 1
B84: 16438858 | C84: 20 | D84: Q | E84: Produção ind.projeto | F84: ZMAT | G84: ACRUZ10 | H84: 46122 | I84: 46136 | J84: Aprovado | K84: 46150 | L84: R4 | M84: RJB4 | N84: SPE SANEAMENTO RIO 4 S.A | O84: 5540400 | P84: GAXETA PTFE QUAD LUBRIF 9/16POL | Q84: 5 | R84: DP98 | S84: Suprimentos | T84: 350 | U84: 46157 | V84: Sim | W84: Spot | X84: Não Urgente | Y84: Material | Z84: MATERIAIS MECÂNICOS | AA84: U/46A.23153.A.RD.M.001 | AB84: Rede de Distribuição | AD84: 1141000003 | AE84: 6000151304 | AF84: 30 | AG84: Luciana Venturi | AH84: 5 | AI84: 46157 | AK84: 0 | AQ84: 133697 | AR84: SOLVED SOLUCOES EM VEDACOES LTDA | AS84: ARIBACIG | AT84: Conexão ARIBACIG x S4P | AU84: PMNB | AV84: 4500835852 | AW84: 10 | AX84: Não | AY84: Luciana Venturi | AZ84: 46167 | BA84: Liberado | BB84: 46167.705 | BD84: 46178 | BE84: 46178 | BF84: 5 | BH84: 5 | BK84: 5 | BO84: Aguardando emissão NF | BP84: 1
B85: 16451870 | C85: 40 | D85: Q | E85: Produção ind.projeto | F85: ZMAT | G85: TTORRES | H85: 46190 | I85: 46218 | J85: Aprovado | K85: 46190 | L85: R4 | M85: RJB4 | N85: SPE SANEAMENTO RIO 4 S.A | O85: 5540397 | P85: GAXETA PTFE QUAD LUBRIF 3/8POL | Q85: 3 | R85: DP98 | S85: Suprimentos | T85: 350 | U85: 46198 | V85: Sim | W85: Spot | X85: Não Urgente | Y85: Material | Z85: MATERIAIS MECÂNICOS | AA85: U/46A.23153.A.RD.M.001 | AB85: Rede de Distribuição | AD85: 1141000003 | AE85: 6000154203 | AF85: 280 | AG85: Luciana Venturi | AH85: 3 | AI85: 46198 | BO85: Cotação - em Negociação | BP85: 1
B86: 16451870 | C86: 50 | D86: Q | E86: Produção ind.projeto | F86: ZMAT | G86: TTORRES | H86: 46190 | I86: 46218 | J86: Aprovado | K86: 46190 | L86: R4 | M86: RJB4 | N86: SPE SANEAMENTO RIO 4 S.A | O86: 5540401 | P86: GAXETA PTFE QUAD LUBRIF 3/4POL | Q86: 3 | R86: DP98 | S86: Suprimentos | V86: Sim | W86: Spot | X86: Não Urgente | Y86: Material | Z86: MATERIAIS ELÉTRICOS | AA86: U/46A.23153.A.RD.M.001 | AB86: Rede de Distribuição | AD86: 1141000003 | BO86: Cotação a agregar | BP86: 1
B87: 16451870 | C87: 30 | D87: Q | E87: Produção ind.projeto | F87: ZMAT | G87: TTORRES | H87: 46190 | I87: 46218 | J87: Aprovado | K87: 46190 | L87: R4 | M87: RJB4 | N87: SPE SANEAMENTO RIO 4 S.A | O87: 5540399 | P87: GAXETA PTFE QUAD LUBRIF 1/2POL | Q87: 3 | R87: DP98 | S87: Suprimentos | T87: 350 | U87: 46198 | V87: Sim | W87: Spot | X87: Não Urgente | Y87: Material | Z87: MATERIAIS MECÂNICOS | AA87: U/46A.23153.A.RD.M.001 | AB87: Rede de Distribuição | AD87: 1141000003 | AE87: 6000154203 | AF87: 270 | AG87: Luciana Venturi | AH87: 3 | AI87: 46198 | BO87: Cotação - em Negociação | BP87: 1
B88: 16451870 | C88: 20 | D88: Q | E88: Produção ind.projeto | F88: ZMAT | G88: TTORRES | H88: 46190 | I88: 46218 | J88: Aprovado | K88: 46190 | L88: R4 | M88: RJB4 | N88: SPE SANEAMENTO RIO 4 S.A | O88: 5540407 | P88: GAXETA PTFE QUAD GRAF 9/16POL | Q88: 3 | R88: DP98 | S88: Suprimentos | V88: Sim | W88: Spot | X88: Não Urgente | Y88: Material | Z88: MATERIAIS ELÉTRICOS | AA88: U/46A.23153.A.RD.M.001 | AB88: Rede de Distribuição | AD88: 1141000003 | BO88: Cotação a agregar | BP88: 1
B89: 16451870 | C89: 60 | D89: Q | E89: Produção ind.projeto | F89: ZMAT | G89: TTORRES | H89: 46190 | I89: 46218 | J89: Aprovado | K89: 46190 | L89: R4 | M89: RJB4 | N89: SPE SANEAMENTO RIO 4 S.A | O89: 5540408 | P89: GAXETA PTFE QUAD GRAF 5/8POL | Q89: 3 | R89: DP98 | S89: Suprimentos | V89: Sim | W89: Spot | X89: Não Urgente | Y89: Material | Z89: MATERIAIS ELÉTRICOS | AA89: U/46A.23153.A.RD.M.001 | AB89: Rede de Distribuição | AD89: 1141000003 | BO89: Cotação a agregar | BP89: 1
B90: 16401510 | C90: 60 | D90: Q | E90: Produção ind.projeto | F90: ZMAT | G90: ACRUZ10 | H90: 45902 | I90: 45912 | J90: Aprovado | K90: 45903 | L90: R4 | M90: RJB4 | N90: SPE SANEAMENTO RIO 4 S.A | O90: 4001908 | P90: GAXETA CORDAO QUADR 5/8POL | Q90: 1 | R90: DP98 | S90: Suprimentos | V90: Sim | W90: Spot | X90: Não Urgente | Y90: Material | Z90: MATERIAIS MECÂNICOS | AA90: U/46A.23153.A.RD.M.001 | AB90: Rede de Distribuição | AD90: 1141000003 | BO90: Requisição - Item Concluído | BP90: 1
B91: 16438858 | C91: 40 | D91: Q | E91: Produção ind.projeto | F91: ZMAT | G91: ACRUZ10 | H91: 46122 | I91: 46132 | J91: Aprovado | K91: 46150 | L91: R4 | M91: RJB4 | N91: SPE SANEAMENTO RIO 4 S.A | O91: 4001908 | P91: GAXETA CORDAO QUADR 5/8POL | Q91: 5 | R91: DP98 | S91: Suprimentos | T91: 350 | U91: 46156 | V91: Sim | W91: Spot | X91: Não Urgente | Y91: Material | Z91: MATERIAIS MECÂNICOS | AA91: U/46A.23153.A.RD.M.001 | AB91: Rede de Distribuição | AD91: 1141000003 | AE91: 6000151180 | AF91: 70 | AG91: Luciana Venturi | AH91: 5 | AI91: 46156 | AK91: 0 | AQ91: 133697 | AR91: SOLVED SOLUCOES EM VEDACOES LTDA | AS91: ARIBACIG | AT91: Conexão ARIBACIG x S4P | AU91: PMNB | AV91: 4500835846 | AW91: 20 | AX91: Não | AY91: Luciana Venturi | AZ91: 46167 | BA91: Liberado | BB91: 46167.705 | BD91: 46178 | BE91: 46178 | BF91: 5 | BH91: 5 | BK91: 5 | BO91: Aguardando emissão NF | BP91: 1
B92: 16451870 | C92: 70 | D92: Q | E92: Produção ind.projeto | F92: ZMAT | G92: TTORRES | H92: 46190 | I92: 46218 | J92: Aprovado | K92: 46190 | L92: R4 | M92: RJB4 | N92: SPE SANEAMENTO RIO 4 S.A | O92: 3001802 | P92: GAXETA CORD QUAD 7/16POL | Q92: 3 | R92: DP98 | S92: Suprimentos | T92: 350 | U92: 46198 | V92: Sim | W92: Spot | X92: Não Urgente | Y92: Material | Z92: MATERIAIS MECÂNICOS | AA92: U/46A.23153.A.RD.M.001 | AB92: Rede de Distribuição | AD92: 1141000003 | AE92: 6000154203 | AF92: 290 | AG92: Luciana Venturi | AH92: 3 | AI92: 46198 | BO92: Cotação - em Negociação | BP92: 1
B93: 16401510 | C93: 50 | D93: Q | E93: Produção ind.projeto | F93: ZMAT | G93: ACRUZ10 | H93: 45902 | I93: 45902 | J93: Aprovado | K93: 45903 | L93: R4 | M93: RJB4 | N93: SPE SANEAMENTO RIO 4 S.A | O93: 3001800 | P93: GAXETA CORD QUAD 1/2POL | Q93: 1 | R93: DP98 | S93: Suprimentos | V93: Sim | W93: Spot | X93: Não Urgente | Y93: Material | Z93: MATERIAIS MECÂNICOS | AA93: U/46A.23153.A.RD.M.001 | AB93: Rede de Distribuição | AD93: 1141000003 | BO93: Requisição - Item Concluído | BP93: 1
B94: 16438858 | C94: 30 | D94: Q | E94: Produção ind.projeto | F94: ZMAT | G94: ACRUZ10 | H94: 46122 | I94: 46136 | J94: Aprovado | K94: 46150 | L94: R4 | M94: RJB4 | N94: SPE SANEAMENTO RIO 4 S.A | O94: 3001800 | P94: GAXETA CORD QUAD 1/2POL | Q94: 5 | R94: DP98 | S94: Suprimentos | T94: 350 | U94: 46156 | V94: Sim | W94: Spot | X94: Não Urgente | Y94: Material | Z94: MATERIAIS MECÂNICOS | AA94: U/46A.23153.A.RD.M.001 | AB94: Rede de Distribuição | AD94: 1141000003 | AE94: 6000151180 | AF94: 60 | AG94: Luciana Venturi | AH94: 5 | AI94: 46156 | AK94: 0 | AQ94: 133697 | AR94: SOLVED SOLUCOES EM VEDACOES LTDA | AS94: ARIBACIG | AT94: Conexão ARIBACIG x S4P | AU94: PMNB | AV94: 4500835846 | AW94: 10 | AX94: Não | AY94: Luciana Venturi | AZ94: 46167 | BA94: Liberado | BB94: 46167.705 | BD94: 46178 | BE94: 46178 | BF94: 5 | BH94: 5 | BK94: 5 | BO94: Aguardando emissão NF | BP94: 1
B95: 16436749 | C95: 10 | D95: Q | E95: Produção ind.projeto | F95: ZMAT | G95: ACRUZ10 | H95: 46111 | I95: 46118 | J95: Não Aprovado | L95: R4 | M95: RJB4 | N95: SPE SANEAMENTO RIO 4 S.A | O95: 3001795 | P95: GARRAFA TERMICA 5L | Q95: 1 | R95: DP96 | S95: Unidade | V95: Não | W95: Spot | X95: Não Urgente | Y95: Material | Z95: MATERIAIS DE USO E CONSUMO | AA95: U/46A.23153.A.RD.M.001 | AB95: Rede de Distribuição | AD95: 1141000001 | BO95: Requisição - Item Eliminado | BP95: 1
B96: 16438863 | C96: 40 | D96: Q | E96: Produção ind.projeto | F96: ZMAT | G96: ACRUZ10 | H96: 46122 | I96: 46129 | J96: Aprovado | K96: 46150 | L96: R4 | M96: RJB4 | N96: SPE SANEAMENTO RIO 4 S.A | O96: 3001795 | P96: GARRAFA TERMICA 5L | Q96: 10 | R96: DP98 | S96: Unidade | T96: 156 | U96: 45932 | V96: Não | W96: Contrato | X96: Não Urgente | Y96: Material | Z96: MATERIAIS DE USO E CONSUMO | AA96: U/46A.23153.A.RD.M.001 | AB96: Rede de Distribuição | AD96: 1141000001 | AJ96: 4600098499 | AK96: 50 | AL96: André Queiroz | AM96: 0 | AN96: 45932 | AO96: Liberado | AQ96: 148989 | AR96: MADUREIRA EPI COMERCIO LTDA | AS96: USERJOBS | AT96: Usuário Jobs | AU96: PGLO | AV96: 4500814863 | AW96: 20 | AX96: Sim | AY96: Amanda Oliva | AZ96: 46150 | BA96: Liberado | BB96: 46163.43 | BE96: 46165 | BF96: 10 | BG96: 10 | BH96: 0 | BI96: 46188 | BJ96: 10 | BK96: 0 | BL96: 46188 | BO96: Escrituração Realizada | BP96: 1
B97: 16438836 | C97: 130 | D97: Q | E97: Produção ind.projeto | F97: ZMAT | G97: ACRUZ10 | H97: 46122 | I97: 46153 | J97: Aprovado | K97: 46150 | L97: R4 | M97: RJB4 | N97: SPE SANEAMENTO RIO 4 S.A | O97: 5017206 | P97: FUSIVEL ULTRA-RAPIDO SITOR 63A 690V | Q97: 21 | R97: DP98 | S97: Suprimentos | T97: 263 | U97: 45820 | V97: Sim | W97: Contrato | X97: Não Urgente | Y97: Material | Z97: MATERIAIS ELÉTRICOS | AA97: U/46A.23153.A.RD.M.001 | AB97: Rede de Distribuição | AD97: 1141000003 | AJ97: 4600092950 | AK97: 580 | AL97: Natasha Amancio | AM97: 0 | AN97: 45820 | AO97: Liberado | AQ97: 118269 | AR97: COMERCIAL ELETRICA P J LTDA | AS97: USERJOBS | AT97: Usuário Jobs | AU97: PGLO | AV97: 4500814598 | AW97: 20 | AX97: Sim | AY97: Edney Jean | AZ97: 46150 | BA97: Liberado | BB97: 46163.431 | BE97: 46185 | BF97: 21 | BH97: 21 | BK97: 21 | BO97: Aguardando emissão NF | BP97: 1
B98: 16438836 | C98: 120 | D98: Q | E98: Produção ind.projeto | F98: ZMAT | G98: ACRUZ10 | H98: 46122 | I98: 46153 | J98: Aprovado | K98: 46150 | L98: R4 | M98: RJB4 | N98: SPE SANEAMENTO RIO 4 S.A | O98: 5021161 | P98: FUSIVEL ULTRA-RAPIDO SITOR 40A 690V | Q98: 21 | R98: DP98 | S98: Suprimentos | T98: 263 | U98: 45820 | V98: Sim | W98: Contrato | X98: Não Urgente | Y98: Material | Z98: MATERIAIS ELÉTRICOS | AA98: U/46A.23153.A.RD.M.001 | AB98: Rede de Distribuição | AD98: 1141000003 | AJ98: 4600092950 | AK98: 770 | AL98: Natasha Amancio | AM98: 0 | AN98: 45820 | AO98: Liberado | AQ98: 118269 | AR98: COMERCIAL ELETRICA P J LTDA | AS98: USERJOBS | AT98: Usuário Jobs | AU98: PGLO | AV98: 4500814598 | AW98: 10 | AX98: Sim | AY98: Edney Jean | AZ98: 46150 | BA98: Liberado | BB98: 46163.431 | BE98: 46220 | BF98: 21 | BH98: 21 | BK98: 21 | BO98: Aguardando emissão NF | BP98: 1
B99: 16438836 | C99: 110 | D99: Q | E99: Produção ind.projeto | F99: ZMAT | G99: ACRUZ10 | H99: 46122 | I99: 46182 | J99: Aprovado | K99: 46150 | L99: R4 | M99: RJB4 | N99: SPE SANEAMENTO RIO 4 S.A | O99: 5513976 | P99: FUSIVEL ULTRA-RAPIDO NH-2 630A 690V | Q99: 21 | R99: DP98 | S99: Suprimentos | T99: 263 | U99: 45820 | V99: Sim | W99: Contrato | X99: Não Urgente | Y99: Material | Z99: MATERIAIS ELÉTRICOS | AA99: U/46A.23153.A.RD.M.001 | AB99: Rede de Distribuição | AD99: 1141000003 | AJ99: 4600092924 | AK99: 810 | AL99: Natasha Amancio | AM99: 0 | AN99: 45820 | AO99: Liberado | AQ99: 117810 | AR99: NORTEL SUPRIMENTOS INDUSTRIAIS LTDA | AS99: USERJOBS | AT99: Usuário Jobs | AU99: PGLO | AV99: 4500814581 | AW99: 10 | AX99: Não | AY99: Edney Jean | AZ99: 46150 | BA99: Liberado | BB99: 46163.432 | BF99: 21 | BH99: 21 | BK99: 21 | BO99: Aguardando emissão NF | BP99: 1
B100: 16438836 | C100: 100 | D100: Q | E100: Produção ind.projeto | F100: ZMAT | G100: ACRUZ10 | H100: 46122 | I100: 46136 | J100: Aprovado | K100: 46150 | L100: R4 | M100: RJB4 | N100: SPE SANEAMENTO RIO 4 S.A | O100: 5030394 | P100: FUSIVEL ULTRA-RAPIDO NH2 315A 690V | Q100: 21 | R100: DP98 | S100: Suprimentos | T100: 263 | U100: 45820 | V100: Sim | W100: Contrato | X100: Não Urgente | Y100: Material | Z100: MATERIAIS ELÉTRICOS | AA100: U/46A.23153.A.RD.M.001 | AB100: Rede de Distribuição | AD100: 1141000003 | AJ100: 4600092926 | AK100: 1610 | AL100: Natasha Amancio | AM100: 0 | AN100: 45820 | AO100: Liberado | AQ100: 117810 | AR100: NORTEL SUPRIMENTOS INDUSTRIAIS LTDA | AS100: USERJOBS | AT100: Usuário Jobs | AU100: PGLO | AV100: 4500814583 | AW100: 10 | AX100: Não | AY100: Edney Jean | AZ100: 46150 | BA100: Liberado | BB100: 46163.431 | BE100: 46185 | BF100: 21 | BH100: 21 | BK100: 21 | BO100: Aguardando emissão NF | BP100: 1
...
